FULL NAME,TEAM,POS,AGE,GP,MPG,FTA,FT%,2PA,2P%,3PA,3P%,PPG,RPG,APG,SPG,BPG,TOPG
Alex Abrines,Okc,G,25.69,31,19,13,0.923,30,0.5,127,0.323,5.3,1.5,0.6,0.55,0.19,0.45
Quincy Acy,Pho,F,28.51,10,12.3,10,0.7,3,0.667,15,0.133,1.7,2.5,0.8,0.1,0.4,0.4
Jaylen Adams,Atl,G,22.93,34,12.6,9,0.778,36,0.361,74,0.338,3.2,1.8,1.9,0.38,0.15,0.82
Steven Adams,Okc,C,25.73,80,33.4,292,0.5,807,0.596,2,0,13.9,9.5,1.6,1.49,0.96,1.73
Bam Adebayo,Mia,C-F,21.73,82,23.3,226,0.735,471,0.588,15,0.2,8.9,7.3,2.2,0.88,0.79,1.48
Deng Adel,Cle,F,22.19,19,10.2,4,1,13,0.385,23,0.261,1.7,1,0.3,0.05,0.21,0.32
DeVaughn Akoon-Purcell,Den,G-F,25.85,7,3.1,2,0.5,6,0.5,4,0,1,0.6,0.9,0.29,0,0.29
LaMarcus Aldridge,San,F,33.73,81,33.2,412,0.847,1277,0.528,42,0.238,21.3,9.2,2.4,0.54,1.32,1.78
Rawle Alkins,Chi,G,21.45,10,12,12,0.667,27,0.37,12,0.25,3.7,2.6,1.3,0.1,0,0.8
Grayson Allen,Uta,G,23.51,38,11,60,0.75,79,0.443,99,0.323,5.6,0.6,0.7,0.13,0.16,0.87
Jarrett Allen,Bro,C,20.97,80,26.2,278,0.709,523,0.629,45,0.133,10.9,8.4,1.4,0.54,1.5,1.3
Kadeem Allen,Nyk,G,26.24,19,21.9,54,0.778,104,0.462,36,0.472,9.9,2.7,4,0.84,0.21,1.42
Al-Farouq Aminu,Por,F,28.55,81,28.3,173,0.867,313,0.514,280,0.343,9.4,7.5,1.3,0.84,0.41,0.89
Justin Anderson,Atl,G-F,25.39,48,9.7,35,0.743,80,0.5,77,0.312,3.7,1.8,0.5,0.46,0.27,0.48
Kyle Anderson,Mem,F,25.56,43,29.8,64,0.578,242,0.583,34,0.265,8,5.9,3,1.26,0.86,1.35
Ryan Anderson,Pho,F,30.93,15,18.5,14,0.786,26,0.462,34,0.206,3.7,3,1.1,0.2,0.07,0.8
Ryan Anderson,Mia,F,30.93,10,4.4,2,0.5,3,0,6,0.333,0.7,0.9,0.2,0.1,0,0.2
Ike Anigbogu,Ind,C,20.47,3,2.1,0,0,3,0,0,0,0,1,0.3,0,0.33,0.33
Giannis Antetokounmpo,Mil,F,24.35,72,32.8,686,0.729,1045,0.64,203,0.256,27.7,12.5,5.9,1.26,1.53,3.71
Kostas Antetokounmpo,Dal,F,21.39,2,5.3,4,0.5,3,0,0,0,1,0.5,0,1,0,0.5
Carmelo Anthony,Hou,F,34.87,10,29.4,22,0.682,57,0.491,64,0.328,13.4,5.4,0.5,0.4,0.7,0.8
OG Anunoby,Tor,F,21.74,67,20.2,62,0.581,202,0.574,202,0.332,7,2.9,0.7,0.69,0.33,0.82
Ryan Arcidiacono,Chi,G,25.04,81,24.2,102,0.873,201,0.527,218,0.372,6.7,2.7,3.3,0.8,0.06,0.77
Trevor Ariza,Pho,F,33.78,26,34,43,0.837,88,0.409,139,0.36,9.9,5.6,3.3,1.46,0.31,1.5
Trevor Ariza,Was,F,33.78,43,34.1,121,0.777,214,0.528,295,0.322,14.1,5.2,3.8,1.23,0.3,1.53
D.J. Augustin,Orl,G,31.42,81,28,209,0.866,366,0.511,311,0.421,11.7,2.5,5.3,0.64,0.05,1.58
Deandre Ayton,Pho,C,20.72,71,30.7,189,0.746,866,0.588,4,0,16.3,10.3,1.8,0.87,0.94,1.77
Dwayne Bacon,Cha,G-F,23.61,43,17.6,46,0.739,170,0.494,87,0.437,7.3,2.1,1.1,0.28,0.12,0.42
Marvin Bagley III,Sac,F,20.08,62,25.3,262,0.691,610,0.534,96,0.313,14.9,7.6,1,0.53,0.95,1.58
Ron Baker,Nyk,G,26.03,11,9.7,6,0.833,7,0.429,9,0.111,1.3,0.7,1.2,0.36,0,0.27
Ron Baker,Was,G,26.03,4,11.4,0,0,0,0,4,0,0,1,0.5,0.25,0.25,0.5
Wade Baldwin IV,Por,G,23.03,16,5.9,11,0.727,24,0.333,9,0.222,1.9,0.9,0.8,0.06,0.13,0.88
Lonzo Ball,Lal,G,21.46,47,30.3,48,0.417,228,0.482,228,0.329,9.9,5.3,5.4,1.47,0.4,2.19
Mo Bamba,Orl,C,20.92,47,16.3,63,0.587,173,0.555,70,0.3,6.2,4.9,0.8,0.28,1.36,0.91
J.J. Barea,Dal,G,34.79,38,19.8,78,0.705,257,0.479,128,0.297,10.9,2.5,5.6,0.58,0,1.89
Harrison Barnes,Dal,F,26.86,49,32.3,198,0.833,406,0.416,311,0.389,17.7,4.2,1.3,0.67,0.22,1.39
Harrison Barnes,Sac,F,26.86,28,33.9,80,0.8,179,0.492,130,0.408,14.3,5.5,1.9,0.61,0.07,1.07
Will Barton,Den,G,28.26,43,27.7,74,0.77,264,0.447,196,0.342,11.5,4.6,2.9,0.42,0.51,1.51
Keita Bates-Diop,Min,F,23.21,30,16.8,28,0.643,90,0.522,52,0.25,5,2.8,0.6,0.6,0.47,0.47
Nicolas Batum,Cha,G-F,30.32,75,31.4,89,0.865,265,0.517,298,0.389,9.3,5.2,3.3,0.95,0.57,1.56
Jerryd Bayless,Min,G,30.64,34,19.3,28,0.571,132,0.402,98,0.296,6.1,1.9,3.5,0.53,0.06,0.94
Aron Baynes,Bos,F-C,32.34,51,16.1,62,0.855,162,0.519,61,0.344,5.6,4.7,1.1,0.24,0.67,0.78
Kent Bazemore,Atl,G,29.78,67,24.5,176,0.722,391,0.465,300,0.32,11.6,3.9,2.3,1.33,0.63,1.81
Bradley Beal,Was,G,25.79,82,36.9,448,0.808,1012,0.548,596,0.351,25.6,5,5.5,1.5,0.7,2.72
Malik Beasley,Den,G,22.37,81,23.2,66,0.848,333,0.559,405,0.402,11.3,2.5,1.2,0.68,0.12,0.68
Michael Beasley,Lal,F,30.25,26,10.7,39,0.718,136,0.529,17,0.176,7,2.3,1,0.35,0.38,1.04
Marco Belinelli,San,G-F,33.05,79,23,124,0.903,295,0.468,395,0.372,10.5,2.5,1.7,0.44,0.1,0.9
Jordan Bell,Gol,F,24.26,68,11.6,41,0.61,190,0.521,2,0,3.3,2.7,1.1,0.26,0.76,0.62
DeAndre' Bembry,Atl,F,24.77,82,23.6,136,0.64,444,0.507,173,0.289,8.4,4.4,2.5,1.28,0.51,1.73
Dragan Bender,Pho,F,21.4,46,18,54,0.593,96,0.688,101,0.218,5,4,1.2,0.39,0.5,0.8
Davis Bertans,San,F,26.41,76,21.5,60,0.883,115,0.513,338,0.429,8,3.5,1.3,0.46,0.43,0.57
Dairis Bertans,Nor,G,29.59,12,13.9,0,0,13,0.154,34,0.294,2.8,0.8,0.8,0.08,0,0.17
Patrick Beverley,Lac,G,30.75,78,27.4,123,0.78,194,0.423,281,0.399,7.6,4.9,3.9,0.86,0.55,1.1
Khem Birch,Orl,C,26.53,50,12.9,83,0.699,150,0.607,1,0,4.8,3.8,0.8,0.36,0.6,0.38
Bismack Biyombo,Cha,C,26.62,54,14.5,91,0.637,157,0.567,0,0,4.4,4.6,0.6,0.19,0.76,0.63
Nemanja Bjelica,Sac,F,30.92,77,23.2,92,0.761,336,0.539,257,0.401,9.6,5.8,1.9,0.7,0.71,1.06
Antonio Blakeney,Chi,G,22.52,57,14.5,76,0.658,305,0.426,91,0.396,7.3,1.9,0.7,0.21,0.16,0.61
Eric Bledsoe,Mil,G,29.34,78,29.1,236,0.75,595,0.582,377,0.329,15.9,4.6,5.5,1.51,0.37,2.12
Jaron Blossomgame,Cle,F,25.57,27,16.3,13,0.769,68,0.544,39,0.256,4.2,3.6,0.5,0.26,0.3,0.41
Bojan Bogdanovic,Ind,F,29.98,81,31.8,305,0.807,664,0.539,386,0.425,18,4.1,2,0.86,0.01,1.67
Bogdan Bogdanovic,Sac,G,26.64,70,27.8,162,0.827,491,0.462,372,0.36,14.1,3.5,3.8,1.03,0.21,1.67
Andrew Bogut,Gol,C,34.37,11,12.2,3,1,36,0.5,0,0,3.5,5,1,0.27,0.73,0.73
Jonah Bolden,Phi,F,23.27,44,14.5,27,0.481,66,0.697,96,0.354,4.7,3.8,0.9,0.39,0.89,0.82
Isaac Bonga,Lal,G,19.42,22,5.5,15,0.6,25,0.2,8,0,0.9,1.1,0.7,0.41,0.18,0.27
Devin Booker,Pho,G,22.44,64,35,454,0.866,841,0.536,414,0.326,26.6,4.1,6.8,0.88,0.2,4.13
Chris Boucher,Tor,F,26.25,28,5.8,15,0.867,39,0.564,37,0.324,3.3,2,0.1,0.21,0.86,0.25
Avery Bradley,Lac,G,28.37,49,29.9,25,0.8,248,0.415,172,0.337,8.2,2.7,2,0.55,0.33,1.24
Avery Bradley,Mem,G,28.37,14,31.6,25,0.92,115,0.513,73,0.384,16.1,3.2,4,1,0,2.07
Tony Bradley,Uta,C,21.17,3,12,2,0.5,16,0.5,0,0,5.7,5,0.3,0.67,0.67,1
Corey Brewer,Phi,G-F,33.1,7,19.9,13,0.692,35,0.457,14,0.286,7.6,2.4,1.4,1.71,0.29,1.14
Corey Brewer,Sac,G-F,33.1,24,14.7,30,0.733,44,0.523,30,0.333,4.1,2.5,1.2,0.83,0.21,0.46
Miles Bridges,Cha,F,21.06,80,21.2,77,0.753,311,0.553,200,0.325,7.5,4.1,1.2,0.68,0.61,0.64
Mikal Bridges,Pho,F,22.61,82,29.5,118,0.805,250,0.548,313,0.335,8.3,3.2,2.1,1.55,0.46,0.85
Isaiah Briscoe,Orl,G,22.99,39,14.3,26,0.577,104,0.423,34,0.324,3.5,1.9,2.2,0.28,0.05,0.79
Ryan Broekhoff,Dal,G-F,28.63,42,10.8,19,0.789,33,0.576,94,0.404,4,1.5,0.5,0.14,0.1,0.38
Malcolm Brogdon,Mil,G,26.33,64,28.6,152,0.928,503,0.545,244,0.426,15.6,4.5,3.2,0.72,0.19,1.44
Dillon Brooks,Mem,G-F,23.22,18,18.3,30,0.733,82,0.415,40,0.375,7.5,1.7,0.9,0.56,0.22,1.06
MarShon Brooks,Mem,G,30.21,29,13.3,33,0.697,115,0.53,54,0.278,6.6,1.6,0.9,0.31,0.14,0.72
Troy Brown Jr.,Was,F,19.7,52,14,47,0.681,165,0.455,69,0.319,4.8,2.8,1.5,0.4,0.1,0.58
Bruce Brown,Det,G,22.65,74,19.6,60,0.75,222,0.455,93,0.258,4.3,2.5,1.2,0.54,0.49,0.62
Jaylen Brown,Bos,F,22.46,74,25.9,202,0.658,516,0.529,276,0.344,13,4.2,1.4,0.95,0.43,1.34
Lorenzo Brown,Tor,G,28.63,26,8.2,3,1,43,0.395,28,0.214,2.1,1.2,1.1,0.46,0.19,0.62
Sterling Brown,Mil,G,24.16,58,17.8,42,0.69,165,0.558,147,0.361,6.4,3.2,1.4,0.43,0.14,0.78
Jalen Brunson,Dal,G,22.61,73,21.8,120,0.725,384,0.523,181,0.348,9.3,2.3,3.2,0.51,0.05,1.21
Thomas Bryant,Was,C,21.7,72,20.8,137,0.781,404,0.683,99,0.333,10.5,6.3,1.3,0.35,0.93,0.83
Reggie Bullock,Det,F,28.07,44,30.8,64,0.875,147,0.463,294,0.388,12.1,2.8,2.5,0.55,0.11,1.23
Reggie Bullock,Lal,G-F,28.07,19,27.6,21,0.81,54,0.537,99,0.343,9.3,2.6,1.1,0.84,0.37,0.58
Trey Burke,Nyk,G,26.41,33,20.9,75,0.827,272,0.434,86,0.349,11.8,1.8,2.8,0.64,0.15,0.88
Trey Burke,Dal,G,26.41,25,17.4,49,0.837,117,0.53,74,0.351,9.7,1.5,2.6,0.48,0.08,0.8
Alec Burks,Uta,G,27.73,17,15.8,38,0.868,71,0.437,43,0.372,8.4,1.6,1.2,0.35,0.24,0.88
Alec Burks,Cle,G,27.73,34,28.8,98,0.806,221,0.412,119,0.378,11.6,5.5,2.9,0.74,0.47,1.35
Alec Burks,Sac,G,27.73,13,9.7,5,0.8,14,0.643,6,0,1.7,1.7,0.8,0.62,0.08,0.31
Deonte Burton,Okc,G,25.19,32,7.5,12,0.667,55,0.455,27,0.296,2.6,0.9,0.3,0.19,0.25,0.28
Jimmy Butler,Min,G-F,29.57,10,36.1,61,0.787,112,0.509,45,0.378,21.3,5.2,4.3,2.4,1,1.4
Jimmy Butler,Phi,G-F,29.57,55,33.2,304,0.868,600,0.49,147,0.34,18.2,5.3,4,1.8,0.53,1.45
Bruno Caboclo,Mem,F,23.55,34,23.5,50,0.84,95,0.505,130,0.369,8.3,4.6,1.5,0.41,0.97,1.12
Jose Calderon,Det,G,37.54,48,13.2,11,0.818,63,0.492,57,0.246,2.4,1.3,2.4,0.33,0.06,0.73
Kentavious Caldwell-Pope,Lal,G,26.14,82,24.8,158,0.867,321,0.542,436,0.346,11.4,2.9,1.3,0.89,0.16,0.79
Isaiah Canaan,Pho,G,27.89,19,26.4,20,0.75,57,0.456,72,0.347,7.5,2.6,3.3,0.63,0,1.53
Isaiah Canaan,Min,G,27.89,7,13.6,4,1,10,0.4,19,0.368,4.7,0.7,2.7,0.29,0.14,0.57
Isaiah Canaan,Mil,G,27.89,4,7.6,0,0,1,0,5,0.4,1.5,1,0.8,0,0.25,0.5
Clint Capela,Hou,C,24.9,67,33.6,261,0.636,732,0.648,0,0,16.6,12.6,1.4,0.66,1.52,1.39
DeMarre Carroll,Bro,F,32.71,67,25.4,242,0.76,264,0.458,311,0.341,11.1,5.2,1.3,0.45,0.15,1.09
Wendell Carter Jr.,Chi,F,19.99,44,25.2,112,0.795,338,0.515,32,0.188,10.3,7,1.8,0.59,1.34,1.5
Jevon Carter,Mem,G,23.57,39,14.8,32,0.813,83,0.265,102,0.333,4.4,1.7,1.8,0.67,0.26,0.85
Vince Carter,Atl,G-F,42.21,76,17.5,66,0.712,152,0.48,316,0.389,7.4,2.6,1.1,0.58,0.36,0.63
Michael Carter-Williams,Hou,G,27.5,16,9,26,0.462,42,0.429,19,0.368,4.3,0.8,1.3,0.56,0.38,0.63
Michael Carter-Williams,Orl,G,27.5,12,18.9,27,0.741,43,0.419,19,0.158,5.4,4.8,4.1,0.92,0.83,0.83
Alex Caruso,Lal,G,25.12,25,21.2,64,0.797,123,0.431,50,0.48,9.2,2.7,3.1,0.96,0.36,1.68
Omri Casspi,Mem,F,30.8,36,14.5,58,0.672,118,0.602,43,0.349,6.3,3.2,0.7,0.56,0.25,0.64
Willie Cauley-Stein,Sac,C,25.65,81,27.3,254,0.551,739,0.556,2,0.5,11.9,8.4,2.4,1.19,0.63,1.04
Troy Caupain,Orl,G,23.37,4,3.9,0,0,5,0.4,3,0.667,2.5,0.8,1,0.25,0,0
Tyler Cavanaugh,Uta,F,25.17,11,3.6,2,1,5,0.4,5,0.2,0.8,0.7,0.1,0,0,0.09
Tyson Chandler,Pho,C,36.52,7,12.7,18,0.556,12,0.667,0,0,3.7,5.6,0.9,0.29,0.14,1
Tyson Chandler,Lal,C,36.52,48,16.4,69,0.594,86,0.616,1,0,3.1,5.6,0.6,0.4,0.5,0.73
Wilson Chandler,Phi,F,31.92,36,26.4,18,0.722,89,0.506,118,0.39,6.7,4.6,2,0.61,0.5,1.08
Wilson Chandler,Lac,F,31.92,15,15,7,0.714,26,0.385,40,0.325,4.3,3.1,0.7,0.2,0.2,0.47
Joe Chealey,Cha,G,23.44,1,7.8,0,0,3,0.333,0,0,2,0,1,0,0,0
Chris Chiozza,Hou,G,23.39,7,4.6,0,0,3,0,5,0.4,0.9,0.6,0.6,0.14,0.14,0.14
Marquese Chriss,Hou,F,21.78,16,6.5,7,0.857,19,0.526,15,0.067,1.8,1.8,0.4,0.13,0.25,0.75
Marquese Chriss,Cle,F,21.78,27,14.6,38,0.684,89,0.461,57,0.263,5.7,4.2,0.6,0.56,0.26,0.89
Gary Clark,Hou,F,24.4,51,12.6,7,1,13,0.692,138,0.297,2.9,2.3,0.4,0.39,0.53,0.14
Ian Clark,Nor,G,28.1,60,16.2,37,0.892,181,0.47,202,0.327,6.7,1.5,1.6,0.37,0.13,0.97
Jordan Clarkson,Cle,G,26.84,81,27.3,192,0.844,735,0.524,445,0.324,16.8,3.3,2.4,0.69,0.17,1.67
John Collins,Atl,F-C,21.55,61,30,265,0.766,673,0.609,158,0.348,19.5,9.8,2,0.36,0.64,1.95
Zach Collins,Por,F-C,21.39,77,17.6,126,0.746,279,0.534,121,0.331,6.6,4.2,0.9,0.32,0.86,0.99
Darren Collison,Ind,G,31.63,76,28.2,190,0.832,465,0.492,194,0.407,11.2,3,6,1.45,0.12,1.63
Bonzie Colson,Mil,F,23.24,8,12.3,9,0.889,18,0.444,21,0.238,4.9,3.8,0.4,0.63,0.13,0.38
Mike Conley,Mem,G,31.5,70,33.5,406,0.845,694,0.483,426,0.364,21.1,3.4,6.4,1.34,0.31,1.86
Pat Connaughton,Mil,G,26.26,61,20.7,40,0.725,150,0.647,200,0.33,6.9,4.2,2,0.54,0.43,0.54
Quinn Cook,Gol,G,26.05,74,14.3,26,0.769,239,0.515,200,0.405,6.9,2.1,1.5,0.27,0.04,0.68
DeMarcus Cousins,Gol,C,28.66,30,25.7,144,0.736,276,0.551,95,0.274,16.3,8.2,3.6,1.33,1.47,2.4
Robert Covington,Phi,F,28.32,13,33.8,23,0.739,40,0.5,77,0.39,11.3,5.2,1.1,1.85,1.77,1.69
Robert Covington,Min,F,28.32,22,34.7,66,0.773,97,0.526,148,0.372,14.5,5.7,1.5,2.27,1.05,1.14
Allen Crabbe,Bro,G-F,27,43,26.4,56,0.732,113,0.345,259,0.378,9.6,3.4,1.1,0.53,0.3,1.07
Torrey Craig,Den,F,28.31,75,20,70,0.7,174,0.569,188,0.324,5.7,3.5,1,0.49,0.61,0.57
Jamal Crawford,Pho,G,39.06,64,18.9,110,0.845,236,0.453,202,0.332,7.9,1.3,3.6,0.52,0.19,1.55
Mitchell Creek,Bro,F,26.95,4,8.9,7,0.714,9,0.556,1,0,3.8,2.5,1.3,0.25,0,0
Mitchell Creek,Min,F,26.95,1,11.5,0,0,5,0.6,1,0,6,2,1,1,0,1
Jae Crowder,Uta,F,28.77,80,27.1,197,0.721,276,0.525,522,0.331,11.9,4.8,1.7,0.8,0.39,1.06
Dante Cunningham,San,F,31.97,64,14.5,18,0.778,93,0.484,65,0.462,3,2.9,0.8,0.41,0.2,0.34
Seth Curry,Por,G,28.63,74,18.9,52,0.846,214,0.463,251,0.45,7.9,1.6,0.9,0.47,0.16,0.82
Stephen Curry,Gol,G,31.07,69,33.8,287,0.916,530,0.525,810,0.437,27.3,5.3,5.2,1.33,0.38,2.78
Troy Daniels,Pho,G,27.74,51,14.9,23,0.783,81,0.481,194,0.381,6.2,1.4,0.5,0.51,0.1,0.53
Anthony Davis,Nor,F-C,26.09,56,33,433,0.794,881,0.547,145,0.331,25.9,12,3.9,1.57,2.41,2.02
Deyonta Davis,Atl,C-F,22.35,9,13.2,10,0.6,21,0.714,1,0,4,3.9,0.6,0.33,0.56,0.33
Ed Davis,Bro,C,29.85,81,17.9,162,0.617,300,0.62,2,0,5.8,8.6,0.8,0.43,0.41,0.8
Tyler Davis,Okc,C,21.89,1,0.9,0,0,1,0,0,0,0,1,0,0,0,0
Dewayne Dedmon,Atl,C,29.66,64,25.1,113,0.814,309,0.57,217,0.382,10.8,7.5,1.4,1.08,1.13,1.31
Sam Dekker,Cle,F,24.93,9,18.8,10,0.8,35,0.486,13,0.385,6.3,3.7,1,1.22,0,0.56
Sam Dekker,Was,F,24.93,38,16.3,36,0.556,159,0.528,49,0.286,6.1,3,1,0.74,0.18,0.5
Angel Delgado,Lac,C,24.39,2,7.4,2,0.5,5,0.2,0,0,1.5,2,0,0.5,0,0
Matthew Dellavedova,Mil,G,28.59,12,8.1,4,1,8,0.25,11,0.364,1.7,0.8,2.4,0.17,0,0.92
Matthew Dellavedova,Cle,G,28.59,36,19.9,48,0.792,104,0.5,119,0.336,7.3,1.9,4.2,0.33,0.06,1.58
Luol Deng,Min,F,33.99,22,17.8,35,0.714,74,0.608,44,0.318,7.1,3.3,0.8,0.68,0.36,0.64
DeMar DeRozan,San,G,29.68,77,34.9,439,0.831,1268,0.492,45,0.156,21.2,6,6.2,1.12,0.47,2.57
Marcus Derrickson,Gol,F,23.19,11,6.1,5,0.8,13,0.462,20,0.5,4.2,1.2,0.1,0,0.09,0.27
Cheick Diallo,Nor,F,22.57,64,14,67,0.746,267,0.625,4,0.25,6,5.2,0.5,0.45,0.52,0.77
Hamidou Diallo,Okc,G,20.7,51,10.3,59,0.61,141,0.504,24,0.167,3.7,1.9,0.3,0.41,0.2,0.45
Gorgui Dieng,Min,C,29.23,76,13.6,106,0.83,321,0.53,56,0.339,6.4,4.1,0.9,0.62,0.54,0.75
Spencer Dinwiddie,Bro,G,26.01,68,28.1,356,0.806,458,0.528,370,0.335,16.8,2.4,4.6,0.59,0.25,2.22
Donte DiVincenzo,Mil,G,22.19,27,15.2,12,0.75,41,0.683,83,0.265,4.9,2.4,1.1,0.48,0.22,0.7
Luka Doncic,Dal,G-F,20.12,72,32.2,485,0.713,672,0.503,515,0.326,21.2,7.8,6,1.08,0.35,3.42
Tyler Dorsey,Atl,G,23.15,27,9.3,26,0.615,50,0.44,39,0.256,3.3,1.6,0.6,0.26,0.04,0.37
Tyler Dorsey,Mem,G,23.15,21,21.3,35,0.629,82,0.5,93,0.366,9.8,3.3,1.9,0.38,0.05,0.81
Damyean Dotson,Nyk,G,24.93,73,27.4,98,0.745,356,0.461,342,0.368,10.7,3.6,1.8,0.79,0.14,0.97
PJ Dozier,Bos,G-F,22.46,6,8.5,2,0.5,13,0.462,8,0.25,3.2,2.8,0.8,0.33,0,0
Goran Dragic,Mia,G,32.93,36,27.5,101,0.782,269,0.454,163,0.35,13.7,3.1,4.8,0.83,0.14,1.97
Andre Drummond,Det,C,25.67,79,33.5,412,0.59,1016,0.547,38,0.132,17.3,15.6,1.4,1.73,1.76,2.22
Jared Dudley,Bro,F,33.75,59,20.7,46,0.696,88,0.545,151,0.351,4.9,2.6,1.4,0.61,0.27,0.73
Kris Dunn,Chi,G,25.07,46,30.2,69,0.797,410,0.441,96,0.354,11.3,4.1,6,1.48,0.46,2.26
Kevin Durant,Gol,F,30.53,78,34.6,506,0.885,995,0.587,388,0.353,26,6.4,5.9,0.76,1.08,2.87
Trevon Duval,Mil,G,20.69,3,1.9,0,0,2,0.5,1,1,1.7,0.3,0.7,0,0,0
Vincent Edwards,Hou,F,23.01,2,7.9,0,0,0,0,4,0.25,1.5,1,0,0,0,0
Henry Ellenson,Det,F,22.24,2,12.4,2,1,6,0.333,4,0.5,6,4.5,0.5,0,0,0
Henry Ellenson,Nyk,F,22.24,17,13.8,23,0.739,51,0.392,34,0.441,6,3.4,0.9,0.41,0.12,0.53
Wayne Ellington,Mia,G,31.37,25,21.3,16,0.875,29,0.414,155,0.368,8.4,1.9,1.2,0.96,0.12,0.56
Wayne Ellington,Det,G,31.37,28,27.3,33,0.758,56,0.607,217,0.373,12,2.1,1.5,1.07,0.11,0.93
Joel Embiid,Phi,F-C,25.07,64,33.7,649,0.804,936,0.535,263,0.3,27.5,13.6,3.7,0.72,1.91,3.55
James Ennis III,Hou,F,28.78,40,23.7,58,0.724,91,0.659,120,0.367,7.4,2.9,0.7,0.95,0.4,0.6
James Ennis III,Phi,F,28.78,18,15.6,23,0.696,47,0.489,36,0.306,5.3,3.6,0.8,0.17,0.44,0.61
Drew Eubanks,San,F,22.19,23,4.9,13,0.846,26,0.577,0,0,1.8,1.5,0.3,0.09,0.22,0.35
Jacob Evans,Gol,G,21.81,30,6.8,1,0,38,0.368,15,0.267,1.3,0.8,0.8,0.17,0.1,0.37
Jawun Evans,Pho,G,22.71,7,9.1,0,0,11,0.273,2,0,0.9,1.7,1.4,0.43,0,0.86
Jawun Evans,Okc,G,22.71,1,0.6,0,0,0,0,1,0,0,0,0,0,0,0
Tyreke Evans,Ind,G,29.56,69,20.3,160,0.719,444,0.405,216,0.356,10.2,2.9,2.4,0.83,0.28,1.72
Dante Exum,Uta,G,23.75,42,15.8,86,0.791,177,0.469,62,0.29,6.9,1.6,2.6,0.33,0.12,1.24
Kenneth Faried,Bro,F-C,29.39,12,9.8,16,0.625,37,0.649,5,0.2,5.1,3.7,0.2,0.17,0.33,0.5
Kenneth Faried,Hou,F-C,29.39,25,24.4,83,0.651,203,0.611,20,0.35,12.9,8.3,0.7,0.6,0.76,1.08
Derrick Favors,Uta,F-C,27.74,76,23.2,228,0.675,541,0.64,78,0.218,11.8,7.4,1.2,0.74,1.39,1.11
Cristiano Felicio,Chi,F-C,26.76,60,12.4,73,0.685,175,0.543,4,0,4,3.7,0.6,0.18,0.12,0.57
Raymond Felton,Okc,G,34.79,33,11.5,13,0.923,74,0.473,61,0.328,4.3,1,1.6,0.3,0.18,0.42
Terrance Ferguson,Okc,G,20.9,74,26.1,51,0.725,141,0.56,290,0.366,6.9,1.9,1,0.54,0.22,0.65
Yogi Ferrell,Sac,G,25.92,71,15,67,0.896,202,0.49,149,0.362,5.9,1.5,1.9,0.51,0.06,0.55
Dorian Finney-Smith,Dal,F,25.94,81,24.5,103,0.709,274,0.544,254,0.311,7.5,4.8,1.2,0.86,0.46,0.91
Bryn Forbes,San,G,25.72,82,28,78,0.885,379,0.488,413,0.426,11.8,2.9,2.1,0.55,0.05,0.98
Evan Fournier,Orl,G-F,26.45,81,31.5,170,0.806,619,0.509,450,0.34,15.1,3.2,3.6,0.89,0.15,1.9
De'Aaron Fox,Sac,G,21.31,81,31.4,417,0.727,870,0.482,232,0.371,17.3,3.8,7.3,1.64,0.56,2.8
Melvin Frazier Jr.,Orl,G-F,22.61,10,4.4,4,0.25,15,0.467,6,0,1.5,0.5,0.1,0.1,0,0.1
Tim Frazier,Nor,G,28.44,47,19.3,41,0.78,118,0.517,77,0.351,5,2.9,4.4,0.53,0.09,1.26
Tim Frazier,Mil,G,28.44,12,17.6,13,0.692,42,0.429,24,0.417,6.3,2.6,3.5,0.42,0.08,1.33
Jimmer Fredette,Pho,G,30.12,6,10.8,6,1,16,0.5,13,0,3.7,1.2,1.3,0.5,0,0.83
Channing Frye,Cle,F-C,35.9,36,9.5,14,0.786,38,0.289,79,0.405,3.6,1.4,0.6,0.17,0.14,0.36
Markelle Fultz,Phi,G,20.87,19,22.5,37,0.568,141,0.433,14,0.286,8.2,3.6,3.1,0.95,0.26,1.32
Danilo Gallinari,Lac,F,30.67,68,30.3,406,0.904,511,0.485,373,0.432,19.8,6.1,2.6,0.72,0.34,1.44
Langston Galloway,Det,G,27.34,80,21.8,96,0.844,206,0.451,381,0.354,8.4,2.1,1.1,0.46,0.1,0.3
Billy Garrett,Nyk,G,24.49,4,15.9,4,1,19,0.579,8,0,6.5,0.8,1.8,0.25,0.25,0.5
Marc Gasol,Mem,C,34.2,53,33.7,201,0.756,462,0.491,221,0.344,15.7,8.6,4.7,1.13,1.21,2.25
Marc Gasol,Tor,C,34.2,26,24.9,52,0.769,135,0.474,52,0.442,9.1,6.7,3.9,0.92,0.88,1.38
Pau Gasol,San,C-F,38.76,27,12.2,38,0.711,78,0.462,10,0.5,4.2,4.7,1.9,0.19,0.52,0.52
Pau Gasol,Mil,C-F,38.76,3,10.1,2,0.5,3,0,3,0.333,1.3,3.3,0.7,0,0.33,0.67
Rudy Gay,San,F,32.65,69,26.7,147,0.816,562,0.537,184,0.402,13.7,6.8,2.6,0.78,0.49,1.64
Paul George,Okc,F,28.94,77,36.9,539,0.84,856,0.485,757,0.386,28,8.1,4.1,2.21,0.44,2.66
Taj Gibson,Min,F,33.8,70,24.1,177,0.757,503,0.583,34,0.324,10.8,6.5,1.2,0.76,0.56,1.04
Harry Giles III,Sac,F-C,20.97,58,14.1,91,0.637,342,0.512,6,0,7,3.8,1.5,0.53,0.38,1.26
Shai Gilgeous-Alexander,Lac,G,20.75,82,26.5,195,0.8,577,0.503,139,0.367,10.8,2.8,3.3,1.18,0.55,1.72
Rudy Gobert,Uta,C,26.79,81,31.8,522,0.636,712,0.669,0,0,15.9,12.8,2,0.81,2.3,1.6
Brandon Goodwin,Den,G,23.52,16,3.6,11,0.818,17,0.235,6,0.333,1.4,0.2,0.9,0,0,0.19
Aaron Gordon,Orl,F,23.57,78,33.8,253,0.731,699,0.499,347,0.349,16,7.3,3.7,0.73,0.72,2.08
Eric Gordon,Hou,G,30.29,68,31.7,152,0.783,338,0.497,600,0.36,16.2,2.2,1.9,0.6,0.4,1.32
Marcin Gortat,Lac,C,35.15,47,16,48,0.729,186,0.532,0,0,5,5.6,1.4,0.13,0.51,1.06
Devonte' Graham,Cha,G,24.13,46,14.7,46,0.761,95,0.421,121,0.281,4.7,1.4,2.6,0.5,0.04,0.65
Treveon Graham,Bro,F,25.45,35,20.4,22,0.818,63,0.413,128,0.297,5.3,3,1,0.37,0.2,0.49
Donte Grantham,Okc,F,24.06,3,0.8,0,0,0,0,2,0,0,0,0,0,0,0
Jerami Grant,Okc,F,25.08,80,32.7,221,0.71,530,0.555,293,0.392,13.6,5.2,1,0.76,1.25,0.84
Jerian Grant,Orl,G,26.5,60,15.6,40,0.65,110,0.473,110,0.364,4.2,1.7,2.6,0.73,0.1,0.85
Danny Green,Tor,G-F,31.8,80,27.7,44,0.841,195,0.487,434,0.456,10.3,4,1.6,0.91,0.66,0.94
Draymond Green,Gol,F,29.1,66,31.3,91,0.692,257,0.549,165,0.285,7.4,7.3,6.9,1.44,1.08,2.56
Gerald Green,Hou,G-F,33.21,73,20.2,68,0.838,137,0.547,441,0.354,9.2,2.5,0.5,0.45,0.37,0.74
JaMychal Green,Mem,F,28.81,41,21.9,80,0.788,216,0.523,96,0.396,9.8,6.1,0.9,0.8,0.63,1.56
JaMychal Green,Lac,F,28.81,24,19.6,21,0.81,84,0.548,80,0.413,8.7,6.6,0.6,0.46,0.33,0.96
Jeff Green,Was,F,32.62,77,27.2,206,0.888,367,0.586,320,0.347,12.3,4,1.8,0.56,0.52,1.31
Blake Griffin,Det,F,30.07,75,35,550,0.753,819,0.525,522,0.362,24.5,7.5,5.4,0.69,0.37,3.37
Daniel Hamilton,Atl,G-F,23.67,19,10.7,6,0.5,37,0.405,23,0.348,3,2.5,1.2,0.32,0.05,0.84
Dusty Hannahs,Mem,G,25.61,2,13,2,1,7,0.429,5,0,4,0.5,2.5,0.5,0,0.5
Tim Hardaway Jr.,Nyk,G,27.07,46,32.6,233,0.854,389,0.424,337,0.347,19.1,3.5,2.7,0.91,0.13,1.76
Tim Hardaway Jr.,Dal,G,27.07,19,29.3,43,0.767,127,0.496,140,0.321,15.5,3.2,1.9,0.58,0.11,1.26
James Harden,Hou,G,29.63,78,36.8,858,0.879,881,0.528,1028,0.368,36.1,6.6,7.5,2.05,0.73,4.96
Maurice Harkless,Por,F,25.92,60,23.6,73,0.671,268,0.582,120,0.275,7.7,4.5,1.2,1.12,0.92,0.75
Montrezl Harrell,Lac,F-C,25.21,82,26.3,414,0.643,871,0.623,17,0.176,16.6,6.5,2,0.85,1.34,1.61
Devin Harris,Dal,G,36.12,68,15.7,134,0.761,147,0.476,200,0.31,6.3,1.6,1.8,0.51,0.24,0.82
Gary Harris,Den,G,24.57,57,28.8,144,0.799,394,0.477,242,0.339,12.9,2.8,2.2,0.96,0.33,1.18
Joe Harris,Bro,G-F,27.59,76,30.2,133,0.827,363,0.526,386,0.474,13.7,3.9,2.4,0.49,0.22,1.59
Andrew Harrison,Mem,G,24.47,1,4.5,0,0,1,1,1,0,2,0,0,0,0,0
Andrew Harrison,Cle,G,24.47,10,14.4,16,1,25,0.36,14,0.214,4.3,1.5,1.7,0.4,0.2,1
Andrew Harrison,Nor,G,24.47,6,6.3,2,0.5,2,0.5,10,0.2,1.5,0.8,1.2,0,0,0.33
Shaquille Harrison,Chi,G,25.51,73,19.6,123,0.667,337,0.475,89,0.27,6.5,3,1.9,1.22,0.41,0.82
Tobias Harris,Lac,F,26.74,55,34.6,219,0.877,596,0.523,258,0.434,20.9,7.8,2.7,0.73,0.44,1.98
Tobias Harris,Phi,F,26.74,27,35,88,0.841,264,0.542,135,0.326,18.2,7.9,2.9,0.41,0.48,1.56
Isaiah Hartenstein,Hou,F-C,20.93,28,7.9,14,0.786,35,0.514,6,0.333,1.9,1.7,0.5,0.25,0.43,0.46
Josh Hart,Lal,G,24.1,67,25.6,80,0.688,190,0.511,274,0.336,7.8,3.7,1.4,0.96,0.6,0.87
Udonis Haslem,Mia,F,38.84,10,7.5,4,0.75,21,0.524,12,0,2.5,2.7,0.2,0,0,0.3
Gordon Hayward,Bos,F,29.05,72,25.9,187,0.834,404,0.542,231,0.333,11.5,4.5,3.4,0.82,0.32,1.46
John Henson,Mil,F,28.29,14,13.5,10,0.6,36,0.556,31,0.355,5.6,5.1,1,0.5,0.79,0.86
Juancho Hernangomez,Den,F,23.54,70,19.4,86,0.767,132,0.545,181,0.365,5.8,3.8,0.8,0.39,0.36,0.53
Willy Hernangomez,Cha,C,24.87,58,14,144,0.694,257,0.537,39,0.385,7.3,5.4,1,0.28,0.36,1
Mario Hezonja,Nyk,F,24.12,58,20.8,114,0.763,312,0.478,152,0.276,8.8,4.1,1.5,0.98,0.14,1.52
Isaiah Hicks,Nyk,F,24.72,3,10.8,5,0.8,8,0.5,0,0,4,2.3,0.7,0.33,1,0.33
Buddy Hield,Sac,G,25.32,82,31.9,193,0.886,709,0.487,651,0.427,20.7,5,2.5,0.71,0.39,1.79
Haywood Highsmith,Phi,F,22.34,5,8,2,0,5,0.6,5,0.2,1.8,1,0.4,0.2,0,0.2
George Hill,Cle,G,32.94,13,26.5,20,0.85,79,0.532,28,0.464,10.8,2.1,2.8,0.92,0.08,1.54
George Hill,Mil,G,32.94,47,20.4,65,0.815,144,0.556,125,0.28,6.8,2.6,2.1,0.83,0.15,0.66
Solomon Hill,Nor,F,28.07,44,20,32,0.719,77,0.468,101,0.317,4.3,3,1.3,0.52,0.23,0.7
Aaron Holiday,Ind,G,22.53,50,12.9,50,0.82,135,0.459,127,0.339,5.9,1.3,1.7,0.4,0.26,0.8
Jrue Holiday,Nor,G,28.83,67,35.8,271,0.768,796,0.539,363,0.325,21.2,5,7.7,1.64,0.81,3.16
Justin Holiday,Chi,G,30.02,38,34.9,46,0.891,124,0.435,270,0.359,11.6,4.4,2.2,1.74,0.58,1.24
Justin Holiday,Mem,F-G,30.02,44,29.1,60,0.9,188,0.447,195,0.333,9.5,3.5,1.4,1.23,0.34,1.3
John Holland,Cle,G,30.43,1,0.7,0,0,0,0,0,0,0,0,0,0,0,0
Rondae Hollis-Jefferson,Bro,F,24.27,59,20.9,183,0.645,438,0.436,49,0.184,8.9,5.3,1.6,0.75,0.46,1.15
Richaun Holmes,Pho,F-C,25.49,70,16.9,175,0.731,365,0.608,0,0,8.2,4.7,0.9,0.6,1.13,0.74
Rodney Hood,Cle,G,26.47,45,27.4,114,0.912,302,0.46,152,0.362,12.2,2.5,2,0.84,0.11,0.8
Rodney Hood,Por,G,26.47,27,24.4,41,0.805,133,0.519,84,0.345,9.6,1.6,1.3,0.81,0.22,0.7
Al Horford,Bos,F-C,32.86,68,29,97,0.825,520,0.604,203,0.36,13.6,6.7,4.1,0.85,1.26,1.5
Danuel House Jr.,Hou,F-G,25.84,39,25.1,71,0.789,74,0.595,178,0.416,9.4,3.6,1,0.54,0.28,0.9
Dwight Howard,Was,C,33.34,9,25.5,48,0.604,69,0.623,0,0,12.8,9.2,0.4,0.78,0.44,1.78
Kevin Huerter,Atl,G,20.62,75,27.3,56,0.732,304,0.457,354,0.384,9.7,3.3,2.9,0.88,0.33,1.45
Isaac Humphries,Atl,C,21.26,5,11.3,0,0,10,0.3,11,0.273,3,2.2,0,0.2,0,0
RJ Hunter,Bos,G,25.46,1,25.7,2,0.5,3,0.667,10,0.4,17,3,3,1,0,0
Chandler Hutchison,Chi,F,22.96,44,20.3,38,0.605,159,0.516,50,0.28,5.2,4.2,0.8,0.52,0.14,0.57
Serge Ibaka,Tor,F-C,29.56,74,27.2,177,0.763,708,0.586,169,0.29,15,8.1,1.3,0.39,1.38,1.53
Andre Iguodala,Gol,G-F,35.2,68,23.2,67,0.582,158,0.652,144,0.333,5.7,3.7,3.2,0.9,0.75,0.76
Ersan Ilyasova,Mil,F,31.91,67,18.4,74,0.824,221,0.493,160,0.363,6.8,4.5,0.8,0.48,0.3,0.7
Joe Ingles,Uta,F,31.52,82,31.3,123,0.707,319,0.533,483,0.391,12.1,4,5.7,1.18,0.24,2.35
Andre Ingram,Lal,G,33.39,4,3.7,0,0,3,0,3,0,0,0.5,0,0.25,0,0.25
Brandon Ingram,Lal,F,21.61,52,33.9,289,0.675,634,0.522,94,0.33,18.3,5.2,3,0.54,0.6,2.5
Kyrie Irving,Bos,G,27.05,67,33,245,0.873,807,0.533,434,0.401,23.8,5,6.9,1.55,0.51,2.57
Jonathan Isaac,Orl,F,21.52,75,26.6,135,0.815,345,0.51,266,0.323,9.6,5.5,1.1,0.79,1.29,1.01
Wes Iwundu,Orl,F,24.31,68,18.1,103,0.816,195,0.431,79,0.367,5,2.7,1.1,0.41,0.32,0.65
Jaren Jackson Jr.,Mem,F-C,19.57,58,26.1,197,0.766,448,0.551,142,0.359,13.8,4.7,1.1,0.9,1.41,1.69
Demetrius Jackson,Phi,G,24.59,6,6.6,4,1,9,0.667,6,0.333,3.7,0.5,0.8,0.33,0,0.17
Frank Jackson,Nor,G,20.94,61,19.2,73,0.74,278,0.507,170,0.312,8.1,2.2,1.1,0.41,0.03,0.77
Josh Jackson,Pho,F,22.16,79,25.2,213,0.671,616,0.445,225,0.324,11.5,4.4,2.3,0.92,0.71,2.19
Justin Jackson,Sac,F,24.04,52,20.8,50,0.82,136,0.515,159,0.346,6.7,2.8,1.3,0.44,0.25,0.42
Justin Jackson,Dal,F,24.04,29,18.3,29,0.724,104,0.577,86,0.372,8.2,2.3,1,0.31,0.03,0.24
Reggie Jackson,Det,G,28.99,82,27.9,236,0.864,576,0.464,471,0.369,15.4,2.6,4.2,0.66,0.11,1.8
LeBron James,Lal,F,34.28,55,35.2,418,0.665,768,0.582,327,0.339,27.4,8.4,8.3,1.31,0.6,3.58
Amile Jefferson,Orl,F,25.93,12,5.7,8,0.875,16,0.625,0,0,2.3,1.8,0.3,0.25,0.25,0.08
John Jenkins,Was,G,28.1,4,3.6,0,0,0,0,2,1,1.5,0.3,0.3,0,0,0
John Jenkins,Nyk,G,28.1,22,14.5,18,0.833,46,0.435,57,0.351,5.2,1.6,1,0,0.09,0.41
Jonas Jerebko,Gol,F,32.11,73,16.7,80,0.8,167,0.563,188,0.367,6.3,3.9,1.3,0.37,0.25,0.59
Alize Johnson,Ind,F,22.97,14,4.6,8,0.5,14,0.214,2,0.5,0.9,1.4,0.1,0.07,0.21,0
Amir Johnson,Phi,C-F,31.95,51,10.4,41,0.756,117,0.573,40,0.3,3.9,2.9,1.2,0.31,0.27,0.88
BJ Johnson,Atl,F,23.31,6,7.2,2,1,10,0.5,6,0.5,3.5,1.3,0,0.33,0,0.33
BJ Johnson,Sac,F,23.31,1,6.1,0,0,1,1,1,0,2,0,0,0,0,0
James Johnson,Mia,F,32.14,55,21.2,70,0.714,230,0.496,149,0.336,7.8,3.2,2.5,0.64,0.49,1.35
Stanley Johnson,Det,F,22.87,48,20,51,0.804,168,0.488,181,0.282,7.5,3.6,1.3,1,0.27,1.15
Stanley Johnson,Nor,F,22.87,18,13.7,13,0.692,57,0.474,34,0.324,5.3,2.3,1.6,0.67,0.06,1.44
Tyler Johnson,Mia,G,26.93,44,25.5,88,0.693,197,0.503,204,0.353,10.8,2.7,2.5,0.91,0.48,1.43
Tyler Johnson,Pho,G,26.93,13,31.2,39,0.872,69,0.406,56,0.321,11.1,4,4.2,1.08,0.46,1.08
Wesley Johnson,Nor,F-G,31.75,26,14.5,9,0.667,38,0.421,50,0.38,3.7,2.1,0.6,0.46,0.27,0.42
Wesley Johnson,Was,F-G,31.75,12,13.1,10,0.7,14,0.286,26,0.231,2.8,1.5,0.6,0.17,0.42,0.5
Nikola Jokic,Den,C,24.14,80,31.3,352,0.821,936,0.569,270,0.307,20.1,10.8,7.3,1.35,0.69,3.1
Derrick Jones Jr.,Mia,F-G,22.15,60,19.2,122,0.607,234,0.564,91,0.308,7,4,0.6,0.77,0.7,0.7
Damian Jones,Gol,C,23.78,24,17.1,37,0.649,74,0.716,0,0,5.4,3.1,1.2,0.5,1.04,0.67
Jalen Jones,Cle,F,25.87,16,13.4,27,0.704,34,0.471,28,0.357,5.1,2.1,0.4,0.56,0.13,0.5
Jemerrio Jones,Lal,F,24.01,6,23.9,2,0.5,23,0.435,10,0.2,4.5,8.2,2.2,1.17,1,0.83
Terrence Jones,Hou,F,27.25,2,2.6,1,0,2,0.5,2,0,1,2,0,0,0,0.5
Tyus Jones,Min,G,22.92,68,22.9,69,0.841,320,0.453,126,0.317,6.9,2,4.8,1.19,0.07,0.69
DeAndre Jordan,Dal,C,30.72,50,31.1,198,0.682,323,0.644,0,0,11,13.7,2,0.64,1.06,2.22
DeAndre Jordan,Nyk,C,30.72,19,26,66,0.773,123,0.634,0,0,10.9,11.3,3,0.47,1.05,2.21
Cory Joseph,Ind,G,27.64,82,25.2,43,0.698,377,0.454,171,0.322,6.5,3.4,3.9,1.13,0.27,0.98
Frank Kaminsky,Cha,F-C,26.02,47,16.1,107,0.738,160,0.55,139,0.36,8.6,3.5,1.3,0.26,0.28,0.87
Enes Kanter,Nyk,C,26.89,44,25.6,129,0.814,446,0.547,22,0.318,14,10.5,1.9,0.41,0.41,1.8
Enes Kanter,Por,C,26.89,23,22.2,68,0.735,203,0.596,12,0.25,13.1,8.6,1.4,0.61,0.39,1.7
Luke Kennard,Det,G,22.8,63,22.8,61,0.836,251,0.486,269,0.394,9.7,2.9,1.8,0.41,0.14,0.9
Michael Kidd-Gilchrist,Cha,F,25.54,64,18.4,123,0.772,285,0.498,47,0.34,6.7,3.8,1,0.5,0.61,0.67
George King,Pho,F,25.24,1,5.9,0,0,0,0,0,0,0,1,0,0,0,0
Maxi Kleber,Dal,F,27.2,71,21.2,74,0.784,168,0.583,218,0.353,6.8,4.6,1,0.51,1.11,0.76
Brandon Knight,Hou,G,27.36,12,9.8,11,0.818,15,0.4,32,0.156,3,0.8,0.8,0.17,0,0.42
Brandon Knight,Cle,G,27.36,27,22.9,23,0.783,116,0.448,97,0.371,8.5,1.9,2.3,0.7,0.07,0.93
Kevin Knox,Nyk,F,19.67,75,28.8,226,0.717,551,0.387,364,0.343,12.8,4.5,1.1,0.56,0.32,1.53
Furkan Korkmaz,Phi,G-F,21.72,48,14.2,44,0.818,101,0.505,144,0.326,5.8,2.3,1.1,0.6,0.04,0.52
Luke Kornet,Nyk,F-C,23.74,46,17,46,0.826,90,0.411,193,0.363,7,2.9,1.2,0.59,0.91,0.54
Kyle Korver,Cle,G-F,38.07,16,15.7,16,0.813,22,0.455,54,0.463,6.8,1.8,1.1,0.19,0.13,1.06
Kyle Korver,Uta,G-F,38.07,54,20,57,0.825,113,0.469,294,0.384,9.1,2.5,1.2,0.41,0.19,0.78
Kosta Koufos,Sac,C,30.13,42,11.9,24,0.417,153,0.477,0,0,3.7,4.2,0.9,0.36,0.43,0.64
Rodions Kurucs,Bro,F,21.18,63,20.5,92,0.783,265,0.543,184,0.315,8.5,3.9,0.8,0.67,0.43,1.22
Kyle Kuzma,Lal,F,23.72,70,33.1,250,0.752,665,0.553,422,0.303,18.7,5.5,2.5,0.57,0.37,1.89
Skal Labissiere,Sac,F,23.06,13,8.7,11,0.545,19,0.474,11,0.364,2.8,1.8,0.5,0.15,0.23,0.54
Skal Labissiere,Por,F,23.06,9,7,6,0.5,17,0.647,2,1,3.4,2.1,0.6,0.33,0.33,0.44
Jeremy Lamb,Cha,G,26.86,79,28.5,260,0.888,648,0.488,330,0.348,15.3,5.5,2.2,1.11,0.41,1.01
Zach LaVine,Chi,G,24.09,63,34.5,375,0.832,814,0.504,321,0.374,23.7,4.7,4.5,0.95,0.41,3.43
Jake Layman,Por,F,25.1,71,18.7,71,0.704,243,0.646,181,0.326,7.6,3.1,0.7,0.44,0.42,0.65
TJ Leaf,Ind,F,21.95,58,9,31,0.613,152,0.599,31,0.258,3.9,2.2,0.4,0.17,0.33,0.21
Courtney Lee,Nyk,G,33.52,12,13.4,14,0.643,31,0.516,16,0.313,4.7,2.3,1.3,0.67,0.17,0.42
Courtney Lee,Dal,G,33.52,22,12.2,7,0.714,43,0.488,39,0.282,3.6,1.2,1,0.59,0.05,0.41
Damion Lee,Gol,G,26.47,32,11.7,22,0.864,59,0.492,68,0.397,4.9,2,0.4,0.41,0,0.34
Walter Lemon Jr.,Chi,G,27.71,6,27.9,11,0.727,82,0.439,5,0.4,14.3,4.5,5,1.83,0.17,1.67
Alex Len,Atl,C,25.82,77,20.1,216,0.648,444,0.554,204,0.363,11.1,5.5,1.1,0.35,0.9,1.26
Kawhi Leonard,Tor,F,27.78,60,34,426,0.854,827,0.542,302,0.371,26.6,7.3,3.3,1.77,0.42,2.02
Meyers Leonard,Por,F-C,27.12,61,14.4,51,0.843,131,0.626,111,0.45,5.9,3.8,1.2,0.21,0.15,0.7
Jon Leuer,Det,F,29.91,41,9.8,31,0.742,102,0.637,12,0.083,3.8,2.4,0.3,0.29,0.1,0.56
Caris LeVert,Bro,G,24.63,40,26.6,123,0.691,330,0.482,154,0.312,13.7,3.8,3.9,1.05,0.35,1.73
Damian Lillard,Por,G,28.74,80,35.5,513,0.912,890,0.499,643,0.369,25.8,4.6,6.9,1.11,0.41,2.65
Jeremy Lin,Atl,G,30.63,51,19.7,168,0.845,254,0.535,132,0.333,10.7,2.3,3.5,0.75,0.14,1.92
Jeremy Lin,Tor,G,30.63,23,18.8,42,0.81,100,0.47,55,0.2,7,2.6,2.2,0.39,0.26,1.13
Shaun Livingston,Gol,G,33.58,64,15.1,51,0.784,208,0.524,2,0,4,1.8,1.8,0.48,0.42,0.59
Zach Lofton,Det,G,26.39,1,3.8,0,0,0,0,1,0,0,0,0,1,0,1
Kevon Looney,Gol,F,23.18,80,18.5,105,0.619,338,0.639,10,0.1,6.3,5.2,1.5,0.56,0.68,0.64
Brook Lopez,Mil,C,31.03,81,28.7,133,0.842,273,0.615,512,0.365,12.5,4.9,1.2,0.6,2.21,1.02
Robin Lopez,Chi,C,31.03,74,21.7,123,0.724,504,0.589,31,0.226,9.5,3.9,1.2,0.15,1.05,1.3
Kevin Love,Cle,F-C,30.59,22,27.2,114,0.904,136,0.412,147,0.361,17,10.9,2.2,0.27,0.27,1.91
Kyle Lowry,Tor,G,33.05,65,34.1,194,0.83,286,0.514,453,0.347,14.2,4.8,8.7,1.4,0.48,2.8
Jordan Loyd,Tor,G,25.71,12,4.6,11,0.818,10,0.4,8,0.5,2.4,0.8,0.5,0,0,0.17
Kalin Lucas,Det,G,29.88,1,5.6,2,1,0,0,1,0,2,3,1,0,0,0
Timothe Luwawu-Cabarrot,Okc,G-F,23.92,21,5.8,6,0.667,21,0.381,22,0.227,1.7,0.9,0.2,0.19,0.05,0.19
Timothe Luwawu-Cabarrot,Chi,G-F,23.92,29,18.8,35,0.771,81,0.469,94,0.33,6.8,2.7,0.8,0.52,0.24,0.55
Tyler Lydon,Den,F,23,25,3.7,3,0.333,8,0.625,10,0.4,0.9,0.7,0.2,0.08,0,0.16
Trey Lyles,Den,F,23.43,63,17.8,116,0.698,294,0.531,200,0.255,8.7,3.9,1.4,0.48,0.38,1.08
Scott Machado,Lal,G,28.84,4,4.8,1,1,5,0.6,1,1,2.5,0,0.8,0.25,0,0
Shelvin Mack,Mem,G,28.97,53,22.7,75,0.707,261,0.441,128,0.359,7.9,1.9,3.4,0.83,0.08,1.17
Shelvin Mack,Cha,G,28.97,4,10.6,9,0.556,12,0.167,2,0,2.3,0.5,0.3,0.5,0,1
Daryl Macon,Dal,G,23.37,8,11.2,7,0.571,16,0.313,11,0.455,3.6,1.5,0.9,0.13,0,0.75
J.P. Macura,Cha,G,23.85,2,8.4,0,0,5,0.6,4,0,3,1.5,1,0,0,0
Ian Mahinmi,Was,C,32.43,34,14.6,61,0.689,89,0.494,16,0.188,4.1,3.8,0.7,0.74,0.47,0.62
Thon Maker,Mil,F,22.12,35,11.7,37,0.541,56,0.589,78,0.333,4.7,2.7,0.5,0.29,0.51,0.26
Thon Maker,Det,F,22.12,29,19.4,47,0.766,59,0.458,75,0.307,5.5,3.7,0.9,0.38,1.14,0.83
Boban Marjanovic,Lac,C,30.65,34,11.1,95,0.758,138,0.616,2,0,7.1,4.5,0.6,0.29,0.5,1.09
Boban Marjanovic,Phi,C,30.65,22,13.9,36,0.722,112,0.634,8,0.5,8.2,5.1,1.5,0.23,0.45,1
Lauri Markkanen,Chi,F,21.89,52,32.3,195,0.872,463,0.479,332,0.361,18.7,9.1,1.4,0.71,0.63,1.65
Jarell Martin,Orl,F,24.88,42,7.8,11,0.818,47,0.489,57,0.351,2.7,1.7,0.4,0.07,0.19,0.26
Frank Mason,Sac,G,25.02,38,11.5,57,0.684,105,0.543,64,0.219,5.1,1.2,2.2,0.42,0.11,0.95
Yante Maten,Mia,F,22.66,2,6.5,0,0,3,0.333,1,0,1,1.5,0,0.5,0,0
Wesley Matthews,Dal,G-F,32.49,44,29.8,110,0.791,206,0.456,263,0.38,13.1,2.3,2.3,0.77,0.25,1.32
Wesley Matthews,Nyk,G-F,32.49,2,27,5,0.8,9,0.222,10,0.2,7,1.5,2.5,0.5,0.5,1
Wesley Matthews,Ind,G-F,32.49,23,31.5,48,0.854,81,0.407,130,0.369,10.9,2.8,2.4,0.87,0.17,1.35
Luc Mbah a Moute,Lac,F,32.59,4,15.3,5,0.4,12,0.5,6,0.333,5,1.8,0.5,0.25,0.25,0.5
Tahjere McCall,Bro,G,24.65,1,8,1,0,2,1,1,0,4,1,0,0,0,0
Patrick McCaw,Cle,G,23.46,3,17.6,0,0,5,0.2,4,0.25,1.7,1,0.7,0.67,0,1
Patrick McCaw,Tor,G,23.46,26,13.2,15,0.867,30,0.533,24,0.333,2.7,1.7,1,0.81,0.12,0.54
CJ McCollum,Por,G,27.56,70,33.9,192,0.828,798,0.506,445,0.375,21,4,3,0.79,0.39,1.51
T.J. McConnell,Phi,G,27.04,76,19.3,37,0.784,377,0.546,43,0.326,6.4,2.3,3.4,1.04,0.21,1.2
Doug McDermott,Ind,F,27.27,77,17.4,79,0.835,217,0.567,206,0.408,7.3,1.4,0.9,0.23,0.1,0.55
JaVale McGee,Lal,C,31.23,75,22.3,152,0.632,629,0.634,12,0.083,12,7.6,0.7,0.64,1.96,1.44
Rodney McGruder,Mia,G-F,27.7,66,23.5,72,0.722,236,0.453,227,0.348,7.6,3.6,1.7,0.53,0.2,0.97
Alfonzo McKinnie,Gol,F,26.56,72,13.9,48,0.563,158,0.582,118,0.356,4.7,3.4,0.4,0.26,0.21,0.42
Ben McLemore,Sac,G,26.16,19,8.3,12,0.667,23,0.348,41,0.415,3.9,0.9,0.2,0.32,0.16,0.26
Jordan McRae,Was,G,28.04,27,12.3,35,0.8,95,0.537,35,0.286,5.9,1.5,1.1,0.48,0.22,0.56
Jodie Meeks,Tor,G,31.64,8,13,1,1,21,0.619,18,0.444,6.4,1.5,1,0.13,0.13,0.25
Salah Mejri,Dal,C,32.82,36,11.1,32,0.625,78,0.564,34,0.324,3.9,3.6,1,0.28,0.75,0.58
De'Anthony Melton,Pho,G,20.87,50,19.7,28,0.75,161,0.441,95,0.305,5,2.7,3.2,1.36,0.46,1.5
Chimezie Metu,San,F,22.06,29,5,17,0.765,56,0.339,2,0,1.8,1.2,0.4,0.21,0.07,0.52
Khris Middleton,Mil,F,27.66,77,31.1,258,0.837,674,0.485,474,0.378,18.3,6,4.3,1.04,0.09,2.26
CJ Miles,Tor,F-G,32.07,40,14.1,44,0.795,69,0.391,137,0.314,5.5,1.7,0.6,0.48,0.23,0.53
CJ Miles,Mem,F-G,32.07,13,22.6,14,0.929,39,0.462,66,0.364,9.3,2.1,1.1,0.62,0.38,0.69
Darius Miller,Nor,F,29.06,69,25.5,71,0.789,120,0.467,364,0.365,8.2,1.8,2.1,0.58,0.33,0.86
Malcolm Miller,Tor,F,26.1,10,6.7,4,0.75,5,0.2,21,0.476,3.5,0.5,0.1,0.1,0.1,0.1
Paul Millsap,Den,F,34.16,70,27.1,249,0.727,507,0.521,159,0.365,12.6,7.2,2,1.17,0.77,1.36
Patty Mills,San,G,30.66,82,23.3,105,0.848,259,0.475,404,0.394,9.9,2.2,3,0.6,0.12,1.15
Shake Milton,Phi,G,22.54,20,13.4,7,0.714,43,0.465,44,0.318,4.4,1.7,0.9,0.4,0.4,0.3
Nikola Mirotic,Nor,F,28.16,32,28.9,101,0.842,176,0.551,231,0.368,16.7,8.3,1.1,0.66,0.78,1.16
Nikola Mirotic,Mil,F,28.16,14,22.9,23,0.87,48,0.521,87,0.356,11.6,5.4,1.4,0.71,0.64,0.79
Donovan Mitchell,Uta,G,22.59,77,33.7,396,0.806,1010,0.468,520,0.362,23.8,4.1,4.2,1.38,0.4,2.83
Naz Mitrou-Long,Uta,G,25.69,14,6,2,1,9,0.444,11,0.182,1.1,0.4,1.1,0.07,0.07,0.57
Malik Monk,Cha,G,21.18,73,17.2,102,0.882,256,0.461,330,0.33,8.9,1.9,1.6,0.51,0.26,1.16
Greg Monroe,Tor,C,28.85,38,11.1,61,0.574,157,0.471,4,0,4.8,4.1,0.4,0.34,0.21,0.84
Greg Monroe,Bos,C,28.85,2,2.4,0,0,5,0.6,0,0,3,1.5,0.5,0,0,0
Greg Monroe,Phi,C,28.85,3,17.5,11,0.909,22,0.636,1,1,13.7,4.3,2.3,0.33,0,0.33
E'Twaun Moore,Nor,G,30.12,53,27.6,59,0.763,356,0.506,176,0.432,11.9,2.4,1.9,0.75,0.15,1.11
Eric Moreland,Pho,F-C,27.3,1,5,0,0,0,0,0,0,0,3,0,0,0,0
Eric Moreland,Tor,F-C,27.3,4,9.6,0,0,6,0.333,1,1,1.8,4.3,1,0.25,0.25,1.25
Jaylen Morris,Mil,G,23.56,4,7.1,2,0.5,7,0.429,3,0.333,2.5,1.3,1,0.5,0,0.25
Marcus Morris,Bos,F,29.61,75,27.9,173,0.844,455,0.508,389,0.375,13.9,6.1,1.5,0.57,0.33,1.23
Markieff Morris,Was,F,29.61,34,26,73,0.781,184,0.516,144,0.333,11.5,5.1,1.8,0.71,0.59,1.38
Markieff Morris,Okc,F,29.61,24,16.1,19,0.737,97,0.423,59,0.339,6.5,3.8,0.8,0.46,0.08,0.29
Monte Morris,Den,G,23.79,82,24,81,0.802,475,0.531,227,0.414,10.4,2.4,3.6,0.89,0.05,0.63
Donatas Motiejunas,San,F-C,28.56,3,4.3,2,0,6,0.5,0,0,2,1,0.3,0,0.33,1
Johnathan Motley,Lac,F,23.94,22,7.1,40,0.6,70,0.557,3,0,4.6,2.3,0.5,0.23,0.14,0.73
Emmanuel Mudiay,Nyk,G,23.1,59,27.2,186,0.774,531,0.492,209,0.33,14.8,3.3,3.9,0.73,0.32,2.39
Jamal Murray,Den,G,22.13,75,32.6,223,0.848,759,0.476,414,0.367,18.2,4.2,4.8,0.89,0.36,2.11
Dzanan Musa,Bro,G-F,19.93,9,4.4,2,0,12,0.667,10,0.1,2.1,0.6,0.2,0.22,0,0.44
Mike Muscala,Phi,F-C,27.78,47,22.2,77,0.818,79,0.519,199,0.342,7.4,4.3,1.3,0.38,0.57,0.91
Mike Muscala,Lal,F-C,27.78,17,15.6,8,0.875,26,0.577,57,0.368,5.9,2.6,0.8,0.24,0.71,0.29
Svi Mykhailiuk,Lal,F,21.84,39,10.8,20,0.6,46,0.37,85,0.318,3.3,0.8,0.8,0.33,0.03,0.51
Svi Mykhailiuk,Det,G,21.84,3,6.6,0,0,4,0,4,0.5,2,0.7,1.3,0.33,0,0.33
Abdel Nader,Okc,F,25.54,61,11.4,36,0.75,115,0.513,100,0.32,4,1.9,0.3,0.33,0.2,0.43
Larry Nance Jr.,Cle,F,26.27,67,26.8,134,0.716,381,0.567,98,0.337,9.4,8.2,3.2,1.49,0.6,1.45
Shabazz Napier,Bro,G,27.74,56,17.6,138,0.833,207,0.449,228,0.333,9.4,1.8,2.6,0.75,0.29,1.18
Nene,Hou,C-F,36.58,42,13,47,0.66,113,0.531,3,0,3.6,2.9,0.6,0.43,0.36,0.26
Raul Neto,Uta,G,26.89,37,12.8,33,0.848,101,0.535,60,0.333,5.3,1.7,2.5,0.38,0.11,0.95
Georges Niang,Uta,F,25.82,59,8.8,24,0.833,76,0.566,105,0.41,4,1.5,0.6,0.17,0.1,0.39
Joakim Noah,Mem,C,34.12,42,16.5,109,0.716,212,0.519,1,0,7.1,5.7,2.1,0.48,0.74,1.19
Nerlens Noel,Okc,F-C,25,77,13.7,79,0.684,276,0.587,0,0,4.9,4.2,0.6,0.86,1.25,0.62
Dirk Nowitzki,Dal,F,40.81,51,15.6,50,0.78,171,0.415,205,0.312,7.3,3.1,0.7,0.18,0.35,0.35
Frank Ntilikina,Nyk,G,20.7,43,21,30,0.767,167,0.371,115,0.287,5.7,2,2.8,0.7,0.33,1.3
James Nunnally,Min,F,28.74,13,4.9,4,1,8,0.5,13,0.385,2.1,0.3,0.4,0.08,0,0.08
James Nunnally,Hou,F,28.74,2,18.8,0,0,1,0,12,0.25,4.5,0.5,1,0,0,0
Jusuf Nurkic,Por,C,24.63,72,27.4,365,0.773,797,0.523,29,0.103,15.6,10.4,3.2,0.97,1.43,2.33
David Nwaba,Cle,G,26.24,51,19.3,85,0.682,188,0.543,75,0.32,6.5,3.2,1.1,0.71,0.33,0.57
Semi Ojeleye,Bos,F,24.35,56,10.6,39,0.615,69,0.565,89,0.315,3.3,1.5,0.4,0.18,0.07,0.34
Jahlil Okafor,Nor,C,23.32,59,15.8,89,0.663,357,0.591,5,0.2,8.2,4.7,0.7,0.25,0.68,0.88
Elie Okobo,Pho,G,21.47,53,18.1,47,0.787,158,0.475,132,0.295,5.7,1.9,2.4,0.6,0.13,1.3
Josh Okogie,Min,G,20.61,74,23.7,162,0.728,293,0.464,215,0.279,7.7,2.9,1.2,1.19,0.45,0.85
Victor Oladipo,Ind,G,26.93,36,31.9,141,0.73,372,0.47,216,0.343,18.8,5.6,5.2,1.67,0.31,2.28
Kelly Olynyk,Mia,F,27.98,79,22.9,185,0.822,245,0.604,319,0.354,10,4.7,1.8,0.67,0.46,1.44
Royce O'Neale,Uta,F,25.85,82,20.4,42,0.762,167,0.569,176,0.386,5.2,3.5,1.5,0.66,0.3,0.85
Kyle O'Quinn,Ind,C,29.04,45,8.2,21,0.81,124,0.548,12,0.083,3.5,2.6,1.2,0.2,0.56,0.69
Cedi Osman,Cle,F,24.01,76,32.2,181,0.779,469,0.49,374,0.348,13,4.7,2.6,0.78,0.14,1.5
Kelly Oubre Jr.,Was,F,23.34,29,26,85,0.8,173,0.526,132,0.311,12.9,4.4,0.7,0.93,0.69,1.03
Kelly Oubre Jr.,Pho,F,23.34,40,29.5,159,0.761,330,0.533,206,0.325,16.9,4.9,1.6,1.45,0.98,1.85
Zaza Pachulia,Det,C,35.16,68,12.9,124,0.782,188,0.452,4,0,3.9,3.9,1.3,0.46,0.25,0.85
Jabari Parker,Chi,F,24.07,39,26.7,108,0.731,350,0.523,114,0.325,14.3,6.2,2.2,0.62,0.36,2.15
Jabari Parker,Was,F,24.07,25,27.3,76,0.684,204,0.613,81,0.296,15,7.2,2.7,0.92,0.64,2.68
Tony Parker,Cha,G,36.9,56,17.9,124,0.734,412,0.485,51,0.255,9.5,1.5,3.7,0.38,0.13,1.34
Chandler Parsons,Mem,F,30.46,25,19.8,25,0.88,88,0.443,94,0.309,7.5,2.8,1.7,0.76,0.2,1.28
Patrick Patterson,Okc,F,30.08,63,13.7,30,0.633,82,0.439,137,0.336,3.6,2.3,0.5,0.25,0.21,0.35
Justin Patton,Phi,C,21.83,3,6.9,2,0.5,5,0.4,2,0,1.7,2,1,0.67,0,0
Chris Paul,Hou,G,33.93,58,32,203,0.862,365,0.479,355,0.358,15.6,4.6,8.2,1.97,0.31,2.6
Cameron Payne,Chi,G,24.67,31,17.3,25,0.88,109,0.486,59,0.271,5.7,1.7,2.7,0.65,0.19,1.1
Cameron Payne,Cle,G,24.67,9,19.6,16,0.688,30,0.6,25,0.36,8.2,2.1,2.6,0.89,0.33,1.22
Gary Payton II,Was,G,26.36,3,5.3,0,0,6,0.667,2,0.5,3.7,0.7,1.3,1,0.33,0.33
Elfrid Payton,Nor,G,25.13,42,29.8,74,0.743,307,0.476,105,0.314,10.6,5.3,7.6,1.05,0.4,2.67
Theo Pinson,Bro,G-F,23.43,18,11.7,22,0.864,27,0.481,46,0.261,4.5,2,1.2,0.33,0,1
Mason Plumlee,Den,F-C,29.1,82,21.1,198,0.561,432,0.602,10,0.2,7.8,6.4,3,0.79,0.93,1.55
Miles Plumlee,Atl,C,30.61,18,9.6,30,0.533,48,0.667,0,0,4.4,2.2,0.9,0.33,0.22,0.56
Jakob Poeltl,San,C,23.49,77,16.5,92,0.533,289,0.647,0,0,5.5,5.3,1.2,0.38,0.9,0.62
Quincy Pondexter,San,F,31.09,53,5.5,42,0.81,40,0.575,18,0.333,1.8,0.9,0.5,0.21,0.02,0.25
Otto Porter Jr.,Was,F,25.86,41,29.1,64,0.766,266,0.515,176,0.369,12.6,5.7,2,1.54,0.54,0.98
Otto Porter Jr.,Chi,F,25.86,15,32.8,32,0.906,121,0.479,80,0.488,17.5,5.5,2.7,1.2,0.6,1.67
Bobby Portis,Chi,F,24.16,22,24.1,50,0.78,199,0.477,72,0.375,14.1,7.2,1.3,0.5,0.36,1.32
Bobby Portis,Was,F,24.16,28,27.4,47,0.809,238,0.458,119,0.403,14.3,8.6,1.5,0.86,0.46,1.61
Dwight Powell,Dal,F-C,27.73,77,21.6,254,0.772,358,0.701,127,0.307,10.6,5.3,1.5,0.56,0.66,0.86
Norman Powell,Tor,F-G,25.88,60,18.8,75,0.827,230,0.543,170,0.4,8.6,2.3,1.5,0.65,0.22,1.08
Alex Poythress,Atl,F,25.6,21,14.5,29,0.621,58,0.534,23,0.391,5.1,3.6,0.8,0.19,0.48,0.62
Taurean Prince,Atl,F,25.06,55,28.2,116,0.819,279,0.498,315,0.39,13.5,3.6,2.1,0.96,0.35,1.82
Zhou Qi,Hou,F-C,23.23,1,1,0,0,1,1,0,0,2,0,0,0,0,0
Ivan Rabb,Mem,F,22.18,49,14.7,69,0.71,197,0.574,15,0.2,5.8,4.2,1.1,0.35,0.29,0.71
Chasson Randle,Was,G,26.18,49,15.2,62,0.694,102,0.441,115,0.4,5.5,1.1,2,0.51,0.06,0.88
Julius Randle,Nor,F,24.37,73,30.6,487,0.731,893,0.564,195,0.344,21.4,8.7,3.1,0.71,0.62,2.85
JJ Redick,Phi,G,34.8,76,31.3,254,0.894,423,0.501,605,0.397,18,2.4,2.7,0.42,0.21,1.3
Davon Reed,Ind,G,23.83,10,4.7,0,0,8,0.375,4,0.5,1.2,0.6,0.3,0.1,0,0.1
Cameron Reynolds,Min,G,24.17,19,13.7,9,0.889,27,0.444,51,0.412,5,1.6,0.7,0.32,0.11,0.26
Josh Richardson,Mia,F,25.57,73,34.8,231,0.861,567,0.457,459,0.357,16.6,3.6,4.1,1.08,0.45,1.55
Malachi Richardson,Tor,G,23.26,22,4.7,5,0.8,4,0.25,25,0.32,1.4,0.6,0,0.05,0,0.36
Austin Rivers,Was,G,26.69,29,23.5,46,0.543,88,0.489,106,0.311,7.2,2.4,2,0.62,0.34,1.21
Austin Rivers,Hou,G,26.69,47,28.6,49,0.51,157,0.541,221,0.321,8.7,1.9,2.3,0.62,0.28,0.68
Glenn Robinson III,Det,G-F,25.26,47,13,40,0.8,114,0.491,61,0.295,4.2,1.5,0.4,0.3,0.17,0.38
Devin Robinson,Was,F,24.1,7,13.5,14,0.643,30,0.633,2,0,6.7,2.9,0.9,0.57,0.86,0.29
Duncan Robinson,Mia,F,24.97,15,10.7,6,0.667,11,0.727,35,0.286,3.3,1.3,0.3,0.33,0,0.27
Jerome Robinson,Lac,G,22.13,33,9.7,9,0.667,53,0.491,57,0.316,3.4,1.2,0.6,0.33,0.09,0.36
Mitchell Robinson,Nyk,C,21.03,66,20.6,135,0.6,291,0.694,0,0,7.3,6.4,0.6,0.79,2.44,0.53
Rajon Rondo,Lal,G,33.13,46,29.8,36,0.639,290,0.428,142,0.359,9.2,5.3,8,1.2,0.15,2.76
Derrick Rose,Min,G,30.52,51,27.3,160,0.856,607,0.509,146,0.37,18,2.7,4.3,0.59,0.24,1.61
Terrence Ross,Orl,G-F,28.18,81,26.5,144,0.875,461,0.484,566,0.383,15.1,3.5,1.7,0.89,0.36,1.1
Terry Rozier,Bos,G,25.07,79,22.7,93,0.785,328,0.424,337,0.353,9,3.9,2.9,0.86,0.25,0.87
Ricky Rubio,Uta,G,28.47,68,27.9,228,0.855,476,0.454,254,0.311,12.7,3.6,6.1,1.35,0.15,2.65
D'Angelo Russell,Bro,G,23.13,81,30.2,205,0.78,882,0.482,635,0.369,21.1,3.9,7,1.22,0.25,3.12
Domantas Sabonis,Ind,F,22.94,74,24.8,291,0.715,685,0.59,17,0.529,14.1,9.4,2.9,0.68,0.41,2.16
Brandon Sampson,Chi,G,21.95,14,15.3,6,0.667,31,0.548,29,0.379,5.1,1.1,0.7,0.57,0.21,0.86
JaKarr Sampson,Chi,F,26.06,4,31.8,21,0.81,40,0.6,14,0.357,20,8,1,1,0.75,1
Dario Saric,Phi,F,25.01,13,30.5,30,0.9,61,0.443,71,0.296,11.1,6.6,2,0.31,0.23,1.92
Dario Saric,Min,F,25.01,68,23.9,120,0.875,311,0.511,253,0.383,10.5,5.4,1.5,0.6,0.12,1.06
Tomas Satoransky,Was,G-F,27.45,80,27,160,0.819,368,0.524,163,0.393,8.9,3.5,5,1.04,0.18,1.5
Dennis Schroder,Okc,G,25.57,79,29.3,227,0.819,740,0.45,364,0.341,15.5,3.6,4.1,0.81,0.15,2.16
Mike Scott,Lac,F,30.74,52,14.4,18,0.667,97,0.412,133,0.391,4.8,3.3,0.8,0.33,0.15,0.5
Mike Scott,Phi,F,30.74,27,24,15,0.667,71,0.38,119,0.412,7.8,3.8,0.8,0.33,0.19,0.63
Thabo Sefolosha,Uta,F,34.94,50,12.2,22,0.636,71,0.521,78,0.436,3.8,2.5,0.5,0.86,0.1,0.5
Wayne Selden,Mem,G-F,24.53,32,14.2,29,0.759,98,0.459,63,0.317,5.4,1.3,1.1,0.31,0.19,0.72
Wayne Selden,Chi,G-F,24.53,43,22.9,63,0.714,210,0.457,112,0.313,8,3.2,1.7,0.53,0.16,1.3
Collin Sexton,Cle,G,20.27,82,31.8,255,0.839,910,0.44,296,0.402,16.7,2.9,3,0.54,0.07,2.27
Landry Shamet,Phi,G,22.08,54,20.5,54,0.815,102,0.529,245,0.404,8.3,1.4,1.1,0.44,0.15,0.48
Landry Shamet,Lac,G,22.08,25,27.8,39,0.795,59,0.322,151,0.45,10.9,2.2,2.3,0.52,0.08,0.76
Iman Shumpert,Sac,G,28.79,42,26.2,41,0.829,146,0.404,202,0.366,8.9,3.1,2.2,1.12,0.48,0.9
Iman Shumpert,Hou,G,28.79,20,19.1,4,0.5,27,0.481,71,0.296,4.6,2.7,1.1,0.55,0.2,0.6
Pascal Siakam,Tor,F,25.03,80,31.8,302,0.785,731,0.602,214,0.369,16.9,6.9,3.1,0.93,0.64,1.91
Jordan Sibert,Atl,G,26.69,1,4.2,0,0,0,0,1,1,3,0,0,0,0,0
Ben Simmons,Phi,G-F,22.72,79,34.2,428,0.6,954,0.566,6,0,16.9,8.8,7.7,1.42,0.77,3.47
Jonathon Simmons,Orl,F,29.57,41,20.6,72,0.778,203,0.419,83,0.229,6.9,2.5,2.3,0.41,0.34,1.37
Jonathon Simmons,Phi,F,29.57,15,14.6,25,0.64,43,0.465,21,0.429,5.5,1.7,2.2,0.73,0.07,0.8
Kobi Simmons,Cle,G,21.77,1,1.8,0,0,0,0,0,0,0,0,0,0,0,0
Anfernee Simons,Por,G,19.84,20,7,16,0.563,34,0.529,29,0.345,3.8,0.7,0.7,0.05,0,0.55
Marcus Smart,Bos,G,25.1,80,27.5,129,0.806,221,0.511,346,0.364,8.9,2.9,4,1.79,0.35,1.54
Dennis Smith Jr.,Dal,G,21.38,32,28.4,82,0.695,233,0.489,125,0.344,12.9,3,4.3,1.25,0.34,3.09
Dennis Smith Jr.,Nyk,G,21.38,21,28.6,74,0.568,210,0.462,83,0.289,14.7,2.8,5.4,1.29,0.43,2.57
Ish Smith,Det,G,30.77,56,22.3,62,0.758,355,0.454,135,0.326,8.9,2.6,3.6,0.52,0.2,1.09
Jason Smith,Was,F-C,33.11,12,10.8,12,0.833,27,0.407,10,0.4,3.7,3.1,1,0.08,0.42,0.58
Jason Smith,Mil,F-C,33.11,6,6.8,2,1,4,0.25,9,0.333,2.2,1.8,0.2,0.33,0.33,0.83
Jason Smith,Nor,F-C,33.11,2,10.2,2,1,2,0,7,0.286,4,2,0.5,0,0,0.5
JR Smith,Cle,G-F,33.59,11,20.2,10,0.8,40,0.375,39,0.308,6.7,1.6,1.9,1,0.27,1
Zhaire Smith,Phi,G,19.85,6,18.4,8,0.75,18,0.444,16,0.375,6.7,2.2,1.7,0.33,0.33,1
Tony Snell,Mil,G,27.42,74,17.6,42,0.881,157,0.522,204,0.397,6,2.1,0.9,0.35,0.24,0.31
Ray Spalding,Dal,F,22.09,1,0.9,0,0,0,0,0,0,0,0,0,0,0,0
Ray Spalding,Pho,F,22.09,13,11.3,12,0.333,44,0.568,3,0,4.2,3.7,0.4,0.69,0.62,0.69
Omari Spellman,Atl,F,21.72,46,17.5,45,0.711,116,0.466,128,0.344,5.9,4.2,1,0.54,0.57,0.67
Nik Stauskas,Por,G,25.51,44,15.3,36,0.889,104,0.51,125,0.344,6.1,1.8,1.4,0.32,0.09,0.91
Nik Stauskas,Cle,G,25.51,24,14.3,28,0.893,46,0.283,63,0.429,5.5,2,0.8,0.29,0.13,0.46
DJ Stephens,Mem,G-F,28.31,1,6.7,0,0,2,0.5,0,0,2,0,0,1,0,1
Lance Stephenson,Lal,G,28.6,68,16.5,73,0.685,235,0.472,197,0.371,7.2,3.2,2.1,0.6,0.1,1.25
Edmond Sumner,Ind,G,23.28,23,9.1,24,0.625,37,0.405,27,0.259,2.9,1,0.4,0.52,0.22,0.43
Caleb Swanigan,Por,F,21.98,18,8.1,7,0.857,39,0.333,5,0.2,1.9,2.9,0.4,0.22,0,0.89
Caleb Swanigan,Sac,F,21.98,3,11,2,0,7,0.571,2,0,2.7,4,1.3,0.67,0.33,0.67
Jayson Tatum,Bos,F,21.11,79,31.1,226,0.854,725,0.483,311,0.373,15.7,6,2.1,1.06,0.73,1.54
Jeff Teague,Min,G,30.83,42,30.1,153,0.804,311,0.453,105,0.333,12.1,2.5,8.2,1.05,0.43,2.31
Garrett Temple,Mem,G-F,32.93,49,31.2,76,0.75,177,0.52,210,0.352,9.4,3.1,1.4,1.02,0.49,1.1
Garrett Temple,Lac,G-F,32.93,26,19.6,31,0.742,51,0.51,54,0.296,4.7,2.5,1.4,1.04,0.19,0.62
Milos Teodosic,Lac,G,32.06,15,10,7,0.571,13,0.538,27,0.37,3.2,1,2.1,0.2,0.07,1.4
Jared Terrell,Min,G,24.16,14,7.9,6,0.5,21,0.381,17,0.235,2.2,0.4,0.9,0.21,0.14,0.71
Emanuel Terry,Pho,F,23.64,2,9.8,2,0.5,6,0.667,0,0,4.5,3,0.5,1.5,0,1
Emanuel Terry,Mia,F,23.64,1,3.3,2,0.5,1,0,0,0,1,1,1,0,0,0
Daniel Theis,Bos,F,27.02,66,13.8,76,0.737,199,0.603,67,0.388,5.7,3.4,1,0.32,0.62,0.5
Isaiah Thomas,Den,G,30.17,12,15.1,27,0.63,56,0.393,43,0.279,8.1,1.1,1.9,0.5,0.08,1.5
Khyri Thomas,Det,G,22.92,26,7.5,11,0.636,34,0.353,35,0.286,2.3,0.8,0.3,0.27,0.19,0.15
Lance Thomas,Nyk,F,30.96,46,17,36,0.75,118,0.475,79,0.278,4.5,2.5,0.6,0.37,0.15,0.52
Klay Thompson,Gol,G,29.17,78,34,158,0.816,802,0.516,599,0.402,21.5,3.8,2.4,1.06,0.6,1.46
Tristan Thompson,Cle,F-C,28.08,43,27.9,106,0.642,380,0.529,0,0,10.9,10.2,2,0.63,0.37,1.37
Sindarius Thornwell,Lac,G,24.4,64,4.9,34,0.735,34,0.412,15,0.2,1,0.7,0.3,0.22,0.11,0.31
Anthony Tolliver,Min,F,33.86,65,16.6,60,0.783,44,0.409,215,0.377,5,2.7,0.7,0.26,0.32,0.55
Karl-Anthony Towns,Min,F-C,23.4,77,33,450,0.836,960,0.561,355,0.4,24.4,12.4,3.4,0.88,1.62,3.13
Gary Trent Jr.,Por,G,20.23,15,7.4,7,0.429,29,0.379,21,0.238,2.7,0.7,0.3,0.07,0.13,0.27
Allonzo Trier,Nyk,G,23.23,64,22.8,223,0.803,386,0.466,132,0.394,10.9,3.1,1.9,0.44,0.22,1.8
PJ Tucker,Hou,F,33.93,82,34.2,59,0.695,137,0.445,387,0.377,7.3,5.8,1.2,1.62,0.45,0.77
Evan Turner,Por,G-F,30.45,73,22,106,0.708,391,0.494,53,0.208,6.8,4.5,3.9,0.45,0.25,1.56
Myles Turner,Ind,F-C,23.05,74,28.6,201,0.736,585,0.52,196,0.388,13.3,7.2,1.6,0.81,2.69,1.35
Ekpe Udoh,Uta,C-F,31.89,51,6.3,30,0.633,72,0.694,0,0,2.3,1.8,0.5,0.18,0.61,0.25
Tyler Ulis,Chi,G,23.26,1,0.8,0,0,0,0,0,0,0,0,0,0,0,0
Jonas Valanciunas,Tor,C,26.93,30,18.8,94,0.819,228,0.614,30,0.3,12.8,7.2,1,0.4,0.77,1.33
Jonas Valanciunas,Mem,C,26.93,19,27.7,91,0.769,261,0.563,18,0.278,19.9,10.7,2.2,0.32,1.58,2.68
Jarred Vanderbilt,Den,F,20.02,16,4.3,10,0.6,18,0.5,1,0,1.5,1.4,0.2,0.38,0.06,0.5
Fred VanVleet,Tor,G,25.12,64,27.5,115,0.843,304,0.441,296,0.378,11,2.6,4.8,0.89,0.3,1.27
Noah Vonleh,Nyk,F,23.63,68,25.3,156,0.712,303,0.531,137,0.336,8.4,7.8,1.9,0.66,0.75,1.29
Nikola Vucevic,Orl,C,28.46,80,31.4,227,0.789,1123,0.549,231,0.364,20.8,12,3.8,1.01,1.14,1.99
Dwyane Wade,Mia,G,37.23,72,26.2,233,0.708,698,0.473,261,0.33,15,4,4.2,0.82,0.53,2.31
Moritz Wagner,Lal,C,21.96,43,10.4,53,0.811,94,0.521,77,0.286,4.8,2,0.6,0.23,0.3,0.91
Dion Waiters,Mia,G,27.34,44,25.9,44,0.5,190,0.468,289,0.377,12,2.7,2.8,0.66,0.2,1.45
Lonnie Walker IV,San,G,20.32,17,6.9,10,0.8,33,0.333,13,0.385,2.6,1,0.5,0.41,0.12,0.24
Kemba Walker,Cha,G,28.93,82,34.9,450,0.844,954,0.494,730,0.356,25.6,4.4,5.9,1.24,0.41,2.57
Tyrone Wallace,Lac,G,24.84,62,10.1,57,0.526,198,0.444,19,0.211,3.5,1.6,0.7,0.34,0.11,0.58
John Wall,Was,G,28.6,32,34.5,175,0.697,382,0.508,169,0.302,20.7,3.6,8.7,1.53,0.91,3.81
Brad Wanamaker,Bos,G,29.71,36,9.5,28,0.857,66,0.515,39,0.41,3.9,1.1,1.6,0.33,0.06,0.53
T.J. Warren,Pho,F,25.6,43,31.6,124,0.815,431,0.51,180,0.428,18,4,1.5,1.19,0.67,1.21
Julian Washburn,Mem,F-G,27.31,18,14.1,4,0.75,24,0.458,24,0.208,2.2,2.3,0.8,0.72,0.11,0.39
Yuta Watanabe,Mem,G,24.49,15,11.6,10,0.7,35,0.371,16,0.125,2.6,2.1,0.5,0.27,0.07,0.4
Thomas Welsh,Den,C,23.18,11,3.3,2,0.5,6,0.667,7,0.429,1.6,0.4,0.5,0,0,0.09
Russell Westbrook,Okc,G,30.41,73,36,450,0.658,1062,0.481,411,0.29,22.9,11.1,10.7,1.95,0.45,4.44
Derrick White,San,G,24.78,67,25.8,123,0.772,401,0.529,142,0.338,9.9,3.7,3.9,1,0.7,1.45
Okaro White,Was,F,26.66,3,2.1,0,0,0,0,2,0,0,0.7,0,0,0,0
Hassan Whiteside,Mia,C,29.83,72,23.3,243,0.449,665,0.58,16,0.125,12.3,11.4,0.8,0.64,1.89,1.33
Andrew Wiggins,Min,G-F,24.13,73,34.8,296,0.699,862,0.441,348,0.339,18.1,4.8,2.5,0.97,0.66,1.9
Robert Williams III,Bos,C-F,21.48,31,9.1,15,0.6,51,0.706,0,0,2.6,2.6,0.2,0.29,1.29,0.32
Alan Williams,Bro,F-C,26.2,5,5.1,4,0.5,12,0.667,1,0,3.6,3.8,0.6,0.2,0,0.2
C.J. Williams,Min,G,29.18,15,8.5,1,0,19,0.632,16,0.313,2.6,0.5,0.8,0.4,0,0.33
Johnathan Williams,Lal,F,23.89,24,15.5,48,0.563,108,0.602,2,0,6.5,4.1,0.5,0.33,0.29,0.67
Kenrich Williams,Nor,G-F,24.36,46,23.5,19,0.684,123,0.447,156,0.333,6.1,4.8,1.8,0.96,0.41,0.78
Lou Williams,Lac,G,32.46,75,26.6,484,0.876,847,0.447,292,0.36,20,3,5.3,0.75,0.15,2.41
Marvin Williams,Cha,F,32.81,75,28.4,86,0.767,270,0.5,382,0.366,10.1,5.4,1.2,0.92,0.8,0.61
Troy Williams,Sac,F,24.28,21,14.9,15,0.6,54,0.556,44,0.318,5.3,2.8,0.5,0.48,0.38,0.43
D.J. Wilson,Mil,F,23.14,48,18.4,47,0.553,124,0.468,127,0.362,5.8,4.6,1.1,0.38,0.42,0.67
Justise Winslow,Mia,F,23.04,66,29.7,137,0.628,493,0.462,256,0.375,12.6,5.4,4.3,1.09,0.29,2.15
Christian Wood,Mil,F,23.54,13,4.7,15,0.667,20,0.45,5,0.6,2.8,1.5,0.2,0,0,0.23
Christian Wood,Nor,F,23.54,8,23.6,41,0.756,71,0.606,21,0.286,16.9,7.9,0.8,0.88,1.25,1.75
Delon Wright,Tor,G,26.96,49,18.3,61,0.869,203,0.478,90,0.333,6.9,2.6,2.2,0.94,0.31,0.76
Delon Wright,Mem,G,26.96,26,30.8,89,0.742,187,0.508,78,0.256,12.2,5.5,5.3,1.62,0.58,1.54
Guerschon Yabusele,Bos,F,23.32,41,6.1,22,0.682,49,0.531,28,0.321,2.3,1.3,0.4,0.2,0.17,0.37
Nick Young,Den,G-F,33.86,4,9.3,0,0,1,0,8,0.375,2.3,0.3,0.5,0,0.25,0.5
Thaddeus Young,Ind,F,30.8,81,30.7,135,0.644,696,0.563,146,0.349,12.6,6.4,2.5,1.52,0.47,1.52
Trae Young,Atl,G,20.56,81,30.9,414,0.829,775,0.476,482,0.324,19.1,3.7,8.1,0.86,0.19,3.8
Cody Zeller,Cha,F-C,26.51,49,25.4,141,0.787,323,0.57,22,0.273,10.1,6.8,2.1,0.78,0.86,1.24
Tyler Zeller,Atl,C,29.23,2,5.4,0,0,1,0,1,0,0,3,0.5,0,0,0
Tyler Zeller,Mem,C,29.23,4,20.6,18,0.778,28,0.571,0,0,11.5,4.5,0.8,0.25,0.75,1
Ante Zizic,Cle,C,22.27,59,18.3,132,0.705,330,0.555,0,0,7.8,5.4,0.9,0.22,0.37,1.05
Ivica Zubac,Lal,C,22.07,33,15.6,66,0.864,193,0.58,0,0,8.5,4.9,0.8,0.15,0.82,1
Ivica Zubac,Lac,C,22.07,26,20.1,60,0.733,186,0.538,0,0,9.4,7.7,1.5,0.38,0.92,1.42