鄉鎮市區,土地移轉總面積平方公尺,建物移轉總面積平方公尺,單價每平方公尺,建物現況格局-房,建物現況格局-廳,建物現況格局-衛,車位移轉總面積平方公尺,車位總價元,屋齡,建築完成年,交易年,總價元,中山區,中正區,信義區,內湖區,北投區,南港區,士林區,大同區,大安區,文山區,松山區,萬華區
大同區,6.34,55.19,233738,1,1,1,0,0,23,83,104,1290,0,0,0,0,0,0,0,1,0,0,0,0
內湖區,4.96,38.79,110853,1,1,1,0,0,21,85,105,430,0,0,0,1,0,0,0,0,0,0,0,0
內湖區,13.72,149.24,160815,3,2,2,12.96,0,9,97,105,2400,0,0,0,1,0,0,0,0,0,0,0,0
內湖區,22.45,136.2,149046,3,2,1,34.6,0,9,97,105,2030,0,0,0,1,0,0,0,0,0,0,0,0
內湖區,33.51,242.78,197216,5,2,2,51.07,0,13,93,105,4788,0,0,0,1,0,0,0,0,0,0,0,0
內湖區,15.12,47.74,257227,2,2,2,0,0,14,92,105,1228,0,0,0,1,0,0,0,0,0,0,0,0
內湖區,27.44,115.29,119698,4,2,2,0,0,33,73,105,1380,0,0,0,1,0,0,0,0,0,0,0,0
內湖區,16.9,133.73,160772,3,1,2,0,0,9,97,105,2150,0,0,0,1,0,0,0,0,0,0,0,0
內湖區,23.43,142.73,167309,2,1,2,37.71,0,12,94,105,2388,0,0,0,1,0,0,0,0,0,0,0,0
內湖區,28.03,170.77,161035,3,1,2,38,0,19,87,105,2750,0,0,0,1,0,0,0,0,0,0,0,0
內湖區,31.4,167.03,220220,2,2,1,47.15,1800000,2,104,105,2820,0,0,0,1,0,0,0,0,0,0,0,0
內湖區,17.71,69.59,186808,1,1,1,0,0,14,92,105,1300,0,0,0,1,0,0,0,0,0,0,0,0
內湖區,24.22,101.13,129536,3,2,2,0,0,34,72,105,1310,0,0,0,1,0,0,0,0,0,0,0,0
內湖區,21.46,94.37,206633,2,2,2,0,0,17,89,105,1950,0,0,0,1,0,0,0,0,0,0,0,0
內湖區,23.14,82.78,109688,4,2,2,0,0,33,73,105,908,0,0,0,1,0,0,0,0,0,0,0,0
內湖區,11.17,130.76,203273,7,0,5,0,0,28,78,105,2658,0,0,0,1,0,0,0,0,0,0,0,0
內湖區,33.48,201.68,208846,3,2,2,26.37,0,3,103,105,4212,0,0,0,1,0,0,0,0,0,0,0,0
內湖區,33.48,201.68,212614,3,2,2,26.37,0,3,103,105,4288,0,0,0,1,0,0,0,0,0,0,0,0
內湖區,21.07,65.52,175519,3,2,1,0,0,31,75,105,1150,0,0,0,1,0,0,0,0,0,0,0,0
內湖區,23.75,100.27,126259,3,2,2,0,0,35,71,105,1266,0,0,0,1,0,0,0,0,0,0,0,0
內湖區,14.08,60.21,205946,1,2,1,0,0,18,88,105,1240,0,0,0,1,0,0,0,0,0,0,0,0
內湖區,37.59,118.44,106881,4,2,2,0,0,30,76,105,1266,0,0,0,1,0,0,0,0,0,0,0,0
內湖區,79.35,360.44,132477,0,0,0,66.32,0,5,101,105,4775,0,0,0,1,0,0,0,0,0,0,0,0
內湖區,149.14,652.14,135784,0,0,0,99.48,0,5,101,105,8855,0,0,0,1,0,0,0,0,0,0,0,0
內湖區,33.22,177.9,137718,3,1,1,0,0,32,74,105,2450,0,0,0,1,0,0,0,0,0,0,0,0
內湖區,29.55,80.99,151253,3,1,1,0,0,39,67,105,1225,0,0,0,1,0,0,0,0,0,0,0,0
內湖區,49.24,129.81,113088,2,2,2,0,0,20,86,105,1468,0,0,0,1,0,0,0,0,0,0,0,0
內湖區,14.87,43.1,174014,2,1,1,0,0,20,86,105,750,0,0,0,1,0,0,0,0,0,0,0,0
內湖區,4.86,48.77,187615,1,1,1,0,0,10,96,105,915,0,0,0,1,0,0,0,0,0,0,0,0
內湖區,24.86,86.77,167108,7,0,7,0,0,36,70,105,1450,0,0,0,1,0,0,0,0,0,0,0,0
內湖區,15.87,91.15,202962,3,2,1,0,0,34,72,105,1850,0,0,0,1,0,0,0,0,0,0,0,0
內湖區,31.04,98.43,139693,3,2,2,0,0,36,70,105,1375,0,0,0,1,0,0,0,0,0,0,0,0
內湖區,35.9,125.88,158881,4,2,2,0,0,33,73,105,2000,0,0,0,1,0,0,0,0,0,0,0,0
內湖區,30.07,112.18,95204,3,2,2,0,0,32,74,105,1068,0,0,0,1,0,0,0,0,0,0,0,0
內湖區,21.14,282.9,184925,3,2,2,69.3,3800000,2,104,105,4330,0,0,0,1,0,0,0,0,0,0,0,0
內湖區,31.86,242.97,121826,4,2,2,41.58,0,19,87,105,2960,0,0,0,1,0,0,0,0,0,0,0,0
內湖區,29.06,103.34,127734,2,2,1,0,0,34,72,105,1320,0,0,0,1,0,0,0,0,0,0,0,0
內湖區,28.34,184.14,111328,2,1,2,0,0,37,69,105,2050,0,0,0,1,0,0,0,0,0,0,0,0
內湖區,24.3,83.94,132237,3,2,1,0,0,37,69,105,1110,0,0,0,1,0,0,0,0,0,0,0,0
內湖區,41.08,132.25,140351,4,2,2,30.35,0,24,82,105,1856,0,0,0,1,0,0,0,0,0,0,0,0
文山區,33.4,91.57,91515,5,2,2,0,0,38,68,105,838,0,0,0,0,0,0,0,0,0,1,0,0
文山區,30.65,90.29,92812,0,0,0,0,0,38,68,105,838,0,0,0,0,0,0,0,0,0,1,0,0
中正區,27.64,181.64,60559,4,2,2,0,0,36,70,105,1100,0,1,0,0,0,0,0,0,0,0,0,0
文山區,14.31,169.73,135509,3,2,2,27.12,0,7,99,105,2300,0,0,0,0,0,0,0,0,0,1,0,0
文山區,7.13,114.47,157246,1,1,1,46.95,0,9,97,105,1800,0,0,0,0,0,0,0,0,0,1,0,0
文山區,22.81,132.11,122616,2,2,1,43.42,0,9,97,105,1620,0,0,0,0,0,0,0,0,0,1,0,0
中正區,0,83.68,94216,0,0,0,0,0,1,105,104,788.4,0,1,0,0,0,0,0,0,0,0,0,0
中正區,0,50.69,96350,0,0,0,0,0,1,105,104,488.4,0,1,0,0,0,0,0,0,0,0,0,0
中正區,0,150.9,88827,3,1,3,0,0,1,105,104,1340.4,0,1,0,0,0,0,0,0,0,0,0,0
大同區,13.7,73.71,132953,2,1,1,0,0,39,67,106,980,0,0,0,0,0,0,0,1,0,0,0,0
大同區,33.05,107.83,92739,3,2,2,0,0,29,77,106,1000,0,0,0,0,0,0,0,1,0,0,0,0
萬華區,1.75,26.1,185441,1,1,1,0,0,1,105,106,484,0,0,0,0,0,0,0,0,0,0,0,1
北投區,31.8,106.57,86797,3,2,2,0,0,38,68,106,925,0,0,0,0,1,0,0,0,0,0,0,0
大安區,26.28,120.41,124574,3,2,2,0,0,35,71,106,1500,0,0,0,0,0,0,0,0,1,0,0,0
大安區,23.11,282.98,371051,0,0,0,35.63,0,1,105,106,10500,0,0,0,0,0,0,0,0,1,0,0,0
大安區,30.05,277.7,234066,3,2,2,77.38,0,12,94,106,6500,0,0,0,0,0,0,0,0,1,0,0,0
大安區,13.76,57.95,172563,3,2,2,0,0,24,82,106,1000,0,0,0,0,0,0,0,0,1,0,0,0
大安區,59.28,451.48,285151,4,2,2,100.62,0,14,92,106,12874,0,0,0,0,0,0,0,0,1,0,0,0
內湖區,32.86,118.77,126295,3,2,1,0,0,31,75,106,1500,0,0,0,1,0,0,0,0,0,0,0,0
內湖區,69.74,580.76,214022,0,0,0,309.76,15200000,1,105,105,7320,0,0,0,1,0,0,0,0,0,0,0,0
中山區,11,56.2,240214,0,2,1,0,0,21,85,106,1350,1,0,0,0,0,0,0,0,0,0,0,0
內湖區,28.79,99.49,117600,3,2,2,0,0,37,69,106,1170,0,0,0,1,0,0,0,0,0,0,0,0
萬華區,17.14,84.92,123646,2,2,1,0,0,40,66,106,1050,0,0,0,0,0,0,0,0,0,0,0,1
中山區,23.16,136.41,240653,3,2,2,12.58,1800000,5,101,106,3160,1,0,0,0,0,0,0,0,0,0,0,0
中山區,12.35,96.98,381522,0,1,1,0,0,21,85,106,3700,1,0,0,0,0,0,0,0,0,0,0,0
中山區,6.4,65.61,161561,2,2,1,0,0,33,73,106,1060,1,0,0,0,0,0,0,0,0,0,0,0
中山區,36.75,112.65,197781,3,2,2,0,0,23,83,106,2228,1,0,0,0,0,0,0,0,0,0,0,0
文山區,11.69,67.75,172399,2,1,1,0,0,9,97,106,1168,0,0,0,0,0,0,0,0,0,1,0,0
文山區,130.83,303.44,138413,8,2,4,0,0,6,100,106,4200,0,0,0,0,0,0,0,0,0,1,0,0
萬華區,4.73,20.17,90729,3,1,1,0,0,34,72,106,183,0,0,0,0,0,0,0,0,0,0,0,1
萬華區,25.75,88.14,46656,3,1,1,0,0,43,63,106,411.23,0,0,0,0,0,0,0,0,0,0,0,1
內湖區,111.46,190.38,130266,5,2,3,0,0,32,74,106,2480,0,0,0,1,0,0,0,0,0,0,0,0
松山區,5.3,68.62,357039,2,2,1,0,0,11,95,106,2450,0,0,0,0,0,0,0,0,0,0,1,0
大安區,18.43,99.78,300661,1,1,1,0,0,30,76,106,3000,0,0,0,0,0,0,0,0,1,0,0,0
大安區,15.19,179.3,364918,4,2,2,17.62,1800000,1,105,106,6080,0,0,0,0,0,0,0,0,1,0,0,0
內湖區,8,44.44,180018,1,1,1,0,0,9,97,106,800,0,0,0,1,0,0,0,0,0,0,0,0
內湖區,18.21,166.3,156344,3,2,2,0,0,15,91,106,2600,0,0,0,1,0,0,0,0,0,0,0,0
中山區,12.82,69.48,290875,1,1,1,0,0,1,105,103,2021,1,0,0,0,0,0,0,0,0,0,0,0
中山區,3.85,33.53,157471,1,1,1,0,0,21,85,106,528,1,0,0,0,0,0,0,0,0,0,0,0
中山區,3.12,26.96,148368,0,0,0,0,0,39,67,106,400,1,0,0,0,0,0,0,0,0,0,0,0
大同區,34.22,135.56,151225,3,2,2,0,0,27,79,106,2050,0,0,0,0,0,0,0,1,0,0,0,0
大同區,17.83,38.68,103413,2,1,1,0,0,50,56,106,400,0,0,0,0,0,0,0,1,0,0,0,0
萬華區,14.15,100.89,158589,2,2,1,0,0,32,74,106,1600,0,0,0,0,0,0,0,0,0,0,0,1
萬華區,28.43,100.04,149940,2,2,1,0,0,39,67,106,1500,0,0,0,0,0,0,0,0,0,0,0,1
中山區,4.82,48.79,147571,1,1,1,0,0,35,71,106,720,1,0,0,0,0,0,0,0,0,0,0,0
內湖區,48.5,309.43,193517,3,2,2,86.66,0,3,103,106,5988,0,0,0,1,0,0,0,0,0,0,0,0
中山區,4.9,53.42,140022,1,1,1,0,0,20,86,106,748,1,0,0,0,0,0,0,0,0,0,0,0
中山區,19.6,75.74,153156,2,1,1,0,0,35,71,106,1160,1,0,0,0,0,0,0,0,0,0,0,0
內湖區,21.77,122.1,165438,2,2,2,32.91,0,9,97,106,2020,0,0,0,1,0,0,0,0,0,0,0,0
文山區,18.93,48.85,153941,1,1,1,0,0,22,84,106,752,0,0,0,0,0,0,0,0,0,1,0,0
文山區,55.25,220.76,93314,3,2,2,0,0,24,82,106,2060,0,0,0,0,0,0,0,0,0,1,0,0
萬華區,30.92,123.38,136165,3,2,2,0,0,18,88,106,1680,0,0,0,0,0,0,0,0,0,0,0,1
大同區,18.03,163.42,147962,3,2,2,44.01,0,8,98,106,2418,0,0,0,0,0,0,0,1,0,0,0,0
中正區,3.5,57.56,225851,1,1,1,0,0,2,104,106,1300,0,1,0,0,0,0,0,0,0,0,0,0
萬華區,25.25,80.76,80485,2,1,1,0,0,43,63,106,650,0,0,0,0,0,0,0,0,0,0,0,1
中正區,0.67,11.22,89127,0,0,0,0,0,36,70,106,100,0,1,0,0,0,0,0,0,0,0,0,0
萬華區,31.91,154.14,134942,3,2,2,0,0,17,89,106,2080,0,0,0,0,0,0,0,0,0,0,0,1
內湖區,40.27,183.26,150060,4,2,2,0,0,23,83,106,2750,0,0,0,1,0,0,0,0,0,0,0,0
內湖區,17.26,118.93,208106,3,1,1,15.29,0,2,104,106,2475,0,0,0,1,0,0,0,0,0,0,0,0
松山區,38.75,102.77,126496,3,2,1,0,0,44,62,106,1300,0,0,0,0,0,0,0,0,0,0,1,0
南港區,20.27,97.73,200553,3,2,2,0,0,5,101,106,1960,0,0,0,0,0,1,0,0,0,0,0,0
松山區,51.53,188.09,231272,3,2,2,0,0,8,98,106,4350,0,0,0,0,0,0,0,0,0,0,1,0
松山區,16,111.67,282081,0,0,0,0,0,38,68,106,3150,0,0,0,0,0,0,0,0,0,0,1,0
松山區,23.74,93.06,178917,2,2,2,0,0,32,74,106,1665,0,0,0,0,0,0,0,0,0,0,1,0
士林區,29.54,153.9,217674,0,0,2,0,0,34,72,106,3350,0,0,0,0,0,0,1,0,0,0,0,0
北投區,11.07,83.83,184898,1,1,1,0,0,14,92,106,1550,0,0,0,0,1,0,0,0,0,0,0,0
北投區,33.67,70.89,137678,2,2,1,0,0,46,60,106,976,0,0,0,0,1,0,0,0,0,0,0,0
士林區,8.08,44.71,201297,1,1,1,0,0,41,65,106,900,0,0,0,0,0,0,1,0,0,0,0,0
北投區,17.21,130.88,133710,0,0,0,43.12,0,2,104,106,1750,0,0,0,0,1,0,0,0,0,0,0,0
北投區,60.43,377.95,208299,0,0,0,73.58,4200000,0,106,106,6760,0,0,0,0,1,0,0,0,0,0,0,0
士林區,28.67,61.77,66375,2,1,1,0,0,44,62,106,410,0,0,0,0,0,0,1,0,0,0,0,0
士林區,9.3,11.48,474739,3,2,2,0,0,50,56,106,545,0,0,0,0,0,0,1,0,0,0,0,0
士林區,25.11,87.51,169520,2,1,2,0,0,1,105,106,1483.47,0,0,0,0,0,0,1,0,0,0,0,0
士林區,25.24,87.69,172364,2,1,2,0,0,1,105,106,1511.46,0,0,0,0,0,0,1,0,0,0,0,0
士林區,25.11,87.51,166322,2,1,2,0,0,1,105,106,1455.48,0,0,0,0,0,0,1,0,0,0,0,0
北投區,175.73,362.35,208359,3,2,3,105.63,8100000,3,103,106,6159,0,0,0,0,1,0,0,0,0,0,0,0
士林區,24.46,129.78,182617,3,2,2,0,0,32,74,106,2370,0,0,0,0,0,0,1,0,0,0,0,0
信義區,100.49,705.99,81004,0,0,1,0,0,27,79,106,5718.792,0,0,1,0,0,0,0,0,0,0,0,0
信義區,42.5,91.36,186077,3,2,1,0,0,48,58,106,1700,0,0,1,0,0,0,0,0,0,0,0,0
信義區,14.39,69.69,203042,2,1,1,0,0,26,80,106,1415,0,0,1,0,0,0,0,0,0,0,0,0
松山區,25.42,133.33,206255,3,2,1,0,0,37,69,106,2750,0,0,0,0,0,0,0,0,0,0,1,0
松山區,6.26,55.22,45273,1,1,1,0,0,20,86,106,250,0,0,0,0,0,0,0,0,0,0,1,0
信義區,6.69,8.83,226501,0,0,0,0,0,44,62,106,200,0,0,1,0,0,0,0,0,0,0,0,0
南港區,18.85,123.42,153136,2,2,1,31.3,0,9,97,106,1890,0,0,0,0,0,1,0,0,0,0,0,0
內湖區,16.81,78.74,260351,0,0,0,23.93,0,33,73,106,2050,0,0,0,1,0,0,0,0,0,0,0,0
內湖區,6.22,46.44,201335,1,1,1,0,0,12,94,106,935,0,0,0,1,0,0,0,0,0,0,0,0
信義區,7.49,117.65,142796,0,0,0,0,0,26,80,106,1680,0,0,1,0,0,0,0,0,0,0,0,0
南港區,47.06,288.3,228928,0,0,0,0,0,1,105,106,6600,0,0,0,0,0,1,0,0,0,0,0,0
萬華區,3.75,71.86,77929,0,0,0,0,0,44,62,106,560,0,0,0,0,0,0,0,0,0,0,0,1
大同區,3.83,24.72,213188,1,1,1,0,0,10,96,106,527,0,0,0,0,0,0,0,1,0,0,0,0
中正區,23.5,329.31,276194,0,0,0,61.02,4200000,1,105,106,7830,0,1,0,0,0,0,0,0,0,0,0,0
中正區,21.15,243.03,294820,0,0,0,0,0,1,105,106,7165,0,1,0,0,0,0,0,0,0,0,0,0
中正區,35,461.28,326288,4,2,4,61.02,4400000,1,105,106,13500,0,1,0,0,0,0,0,0,0,0,0,0
文山區,48.11,106.46,156679,2,2,2,14.77,0,19,87,106,1668,0,0,0,0,0,0,0,0,0,1,0,0
文山區,19.8,157.47,204970,3,2,2,27.89,1800000,0,106,106,2836,0,0,0,0,0,0,0,0,0,1,0,0
文山區,5.11,32.01,128085,0,0,0,0,0,3,103,106,410,0,0,0,0,0,0,0,0,0,1,0,0
中山區,9.09,69.51,159977,2,1,1,0,0,22,84,106,1112,1,0,0,0,0,0,0,0,0,0,0,0
中山區,5.21,29.32,153479,3,2,2,0,0,41,65,106,450,1,0,0,0,0,0,0,0,0,0,0,0
內湖區,32.89,124.32,149614,4,2,2,0,0,30,76,106,1860,0,0,0,1,0,0,0,0,0,0,0,0
中山區,5.64,76.96,236486,2,1,1,0,0,1,105,106,1820,1,0,0,0,0,0,0,0,0,0,0,0
萬華區,3.46,51.23,181534,1,1,1,0,0,1,105,106,930,0,0,0,0,0,0,0,0,0,0,0,1
萬華區,18.4,82.12,50536,3,2,1,0,0,30,76,106,415,0,0,0,0,0,0,0,0,0,0,0,1
內湖區,11.9,36.4,178571,1,1,1,0,0,21,85,106,650,0,0,0,1,0,0,0,0,0,0,0,0
中山區,34,114.66,119484,3,2,2,0,0,42,64,106,1370,1,0,0,0,0,0,0,0,0,0,0,0
內湖區,47.64,202.83,157768,0,0,0,0,0,8,98,106,3200,0,0,0,1,0,0,0,0,0,0,0,0
中山區,12.2,142.62,164774,2,1,2,23.57,0,9,97,106,2350,1,0,0,0,0,0,0,0,0,0,0,0
中山區,27.55,95.25,213648,2,2,1,0,0,23,83,106,2035,1,0,0,0,0,0,0,0,0,0,0,0
松山區,19.68,214.6,184431,4,2,2,32.96,3000000,34,72,106,3650,0,0,0,0,0,0,0,0,0,0,1,0
中山區,4.18,36.47,208390,1,1,1,0,0,10,96,106,760,1,0,0,0,0,0,0,0,0,0,0,0
大同區,9.38,28.84,173370,0,0,0,0,0,46,60,106,500,0,0,0,0,0,0,0,1,0,0,0,0
萬華區,16.68,63.39,66257,4,2,2,0,0,37,69,106,420,0,0,0,0,0,0,0,0,0,0,0,1
內湖區,39.5,112.99,125675,4,2,2,0,0,30,76,106,1420,0,0,0,1,0,0,0,0,0,0,0,0
內湖區,38.25,362.15,178324,4,2,3,70.44,0,8,98,106,6458,0,0,0,1,0,0,0,0,0,0,0,0
內湖區,33.59,113.02,150416,3,2,2,0,0,29,77,106,1700,0,0,0,1,0,0,0,0,0,0,0,0
內湖區,28.4,99.62,143545,3,2,2,0,0,34,72,106,1430,0,0,0,1,0,0,0,0,0,0,0,0
北投區,52.59,209.05,167424,3,1,1,34.18,0,17,89,106,3500,0,0,0,0,1,0,0,0,0,0,0,0
中正區,14.74,35.11,119624,0,0,0,0,0,50,56,106,420,0,1,0,0,0,0,0,0,0,0,0,0
文山區,24.09,119.08,117568,3,2,2,0,0,23,83,106,1400,0,0,0,0,0,0,0,0,0,1,0,0
大安區,16.29,64.14,327409,1,1,1,0,0,16,90,106,2100,0,0,0,0,0,0,0,0,1,0,0,0
北投區,13.59,65.99,60615,2,2,2,0,0,31,75,106,400,0,0,0,0,1,0,0,0,0,0,0,0
北投區,8.88,113.68,162738,2,1,1,35.66,0,10,96,106,1850,0,0,0,0,1,0,0,0,0,0,0,0
大安區,13.44,93.92,260860,2,2,2,0,0,34,72,106,2450,0,0,0,0,0,0,0,0,1,0,0,0
北投區,18.51,181.01,121540,3,2,2,34.98,0,9,97,106,2200,0,0,0,0,1,0,0,0,0,0,0,0
內湖區,107.32,672.78,202655,9,1,0,162.05,9000000,11,95,106,11250,0,0,0,1,0,0,0,0,0,0,0,0
大同區,18.48,90.86,115562,1,1,1,17.21,0,1,105,106,1050,0,0,0,0,0,0,0,1,0,0,0,0
中正區,3.53,34.16,222482,1,1,1,0,0,10,96,106,760,0,1,0,0,0,0,0,0,0,0,0,0
信義區,39.33,217.13,179324,3,2,2,58.2,2500000,9,97,106,3100,0,0,1,0,0,0,0,0,0,0,0,0
松山區,9.16,110.48,191890,3,2,1,0,0,39,67,106,2120,0,0,0,0,0,0,0,0,0,0,1,0
松山區,29.75,82.94,218471,3,2,2,0,0,45,61,106,1812,0,0,0,0,0,0,0,0,0,0,1,0
士林區,7.99,40.34,240456,1,1,1,0,0,9,97,106,970,0,0,0,0,0,0,1,0,0,0,0,0
士林區,14.5,123.13,142126,2,1,1,0,1900000,1,105,106,1750,0,0,0,0,0,0,1,0,0,0,0,0
萬華區,3,35.62,168445,1,1,1,0,0,38,68,106,600,0,0,0,0,0,0,0,0,0,0,0,1
中正區,2.15,30.04,172437,1,1,1,0,0,29,77,106,518,0,1,0,0,0,0,0,0,0,0,0,0
中山區,19.56,182.43,156216,3,2,2,0,2500000,29,77,106,2850,1,0,0,0,0,0,0,0,0,0,0,0
中山區,40.25,111.3,161725,3,2,3,0,0,43,63,106,1800,1,0,0,0,0,0,0,0,0,0,0,0
中山區,3.79,37.2,165591,1,1,1,0,0,14,92,106,616,1,0,0,0,0,0,0,0,0,0,0,0
大同區,10.75,194.8,161713,3,2,2,38.69,0,28,78,106,3150,0,0,0,0,0,0,0,1,0,0,0,0
中山區,4.19,52.49,224805,2,1,1,0,0,5,101,106,1180,1,0,0,0,0,0,0,0,0,0,0,0
中山區,27.55,321.67,216993,4,2,3,59.54,0,2,104,106,6980,1,0,0,0,0,0,0,0,0,0,0,0
中山區,31.07,238.12,251974,0,0,0,0,0,9,97,106,6000,1,0,0,0,0,0,0,0,0,0,0,0
中正區,31.69,142.28,175710,4,1,3,0,0,38,68,106,2500,0,1,0,0,0,0,0,0,0,0,0,0
中正區,13.96,89.38,258223,0,0,0,17.43,0,2,104,106,2308,0,1,0,0,0,0,0,0,0,0,0,0
文山區,13.92,124.25,183486,2,2,1,35.36,0,6,100,106,2280,0,0,0,0,0,0,0,0,0,1,0,0
中正區,0,19.74,141844,2,2,1,0,0,50,56,106,280,0,1,0,0,0,0,0,0,0,0,0,0
萬華區,26.49,99.89,120132,3,2,1,0,0,35,71,106,1200,0,0,0,0,0,0,0,0,0,0,0,1
萬華區,24.75,83.55,89767,4,2,2,0,0,43,63,106,750,0,0,0,0,0,0,0,0,0,0,0,1
大同區,33.75,86.42,114557,6,2,2,0,0,43,63,106,990,0,0,0,0,0,0,0,1,0,0,0,0
松山區,3.29,37.58,228313,1,1,1,0,0,31,75,106,858,0,0,0,0,0,0,0,0,0,0,1,0
信義區,25.25,80.57,186174,3,2,2,0,0,43,63,106,1500,0,0,1,0,0,0,0,0,0,0,0,0
中山區,17.61,230.72,238384,3,2,2,26.66,0,4,102,106,5500,1,0,0,0,0,0,0,0,0,0,0,0
松山區,4.44,46.05,210641,1,1,1,0,0,29,77,106,970,0,0,0,0,0,0,0,0,0,0,1,0
信義區,14.44,119.65,213104,1,1,1,0,0,11,95,106,2550,0,0,1,0,0,0,0,0,0,0,0,0
士林區,14.82,77.31,106080,1,1,1,0,0,16,90,106,820,0,0,0,0,0,0,1,0,0,0,0,0
士林區,23.26,120.45,212370,2,2,2,0,0,35,71,106,2558,0,0,0,0,0,0,1,0,0,0,0,0
北投區,40.5,108.38,106108,3,2,1,0,0,38,68,106,1150,0,0,0,0,1,0,0,0,0,0,0,0
士林區,37.25,96.18,155958,4,2,2,0,0,48,58,106,1500,0,0,0,0,0,0,1,0,0,0,0,0
北投區,11.45,44.09,81651,0,0,0,0,0,40,66,106,360,0,0,0,0,1,0,0,0,0,0,0,0
士林區,11.92,114.7,250663,1,2,1,31.72,2200000,1,105,106,2300,0,0,0,0,0,0,1,0,0,0,0,0
北投區,20.51,62.82,87552,2,1,1,0,0,17,89,106,550,0,0,0,0,1,0,0,0,0,0,0,0
北投區,11.41,43.73,118912,1,1,1,0,0,32,74,106,520,0,0,0,0,1,0,0,0,0,0,0,0
士林區,58.26,278.85,139138,3,2,2,32.43,0,37,69,106,3880,0,0,0,0,0,0,1,0,0,0,0,0
士林區,14.27,86.86,169238,2,2,2,0,0,41,65,106,1470,0,0,0,0,0,0,1,0,0,0,0,0
士林區,29.92,112.81,153355,4,2,2,0,0,31,75,106,1730,0,0,0,0,0,0,1,0,0,0,0,0
北投區,22.5,94.04,205232,2,2,2,0,0,2,104,106,1930,0,0,0,0,1,0,0,0,0,0,0,0
北投區,26.05,116.65,102872,0,0,0,0,0,28,78,106,1200,0,0,0,0,1,0,0,0,0,0,0,0
士林區,58.62,210.83,94863,3,2,2,0,0,20,86,106,2000,0,0,0,0,0,0,1,0,0,0,0,0
士林區,54.83,175.25,99852,6,2,2,0,0,28,78,106,1750,0,0,0,0,0,0,1,0,0,0,0,0
士林區,72.53,376.34,214912,3,2,2,105.66,0,15,91,106,8088,0,0,0,0,0,0,1,0,0,0,0,0
士林區,19.5,58.32,147462,2,2,1,0,0,44,62,106,860,0,0,0,0,0,0,1,0,0,0,0,0
北投區,32.83,230.62,130084,4,2,2,0,0,5,101,106,3000,0,0,0,0,1,0,0,0,0,0,0,0
松山區,7.13,72.17,180130,2,1,1,0,0,28,78,106,1300,0,0,0,0,0,0,0,0,0,0,1,0
南港區,50.5,81.72,165198,3,2,1,0,0,48,58,106,1350,0,0,0,0,0,1,0,0,0,0,0,0
松山區,18.51,94.19,196412,3,4,2,0,0,35,71,106,1850,0,0,0,0,0,0,0,0,0,0,1,0
南港區,27.74,94.79,131870,2,2,1,0,0,32,74,106,1250,0,0,0,0,0,1,0,0,0,0,0,0
信義區,17.7,132.46,191001,3,1,2,18.55,0,21,85,106,2530,0,0,1,0,0,0,0,0,0,0,0,0
南港區,27.75,209.5,139379,3,2,2,51.95,0,4,102,106,2920,0,0,0,0,0,1,0,0,0,0,0,0
中山區,2.83,31.01,104805,1,1,1,0,0,33,73,106,325,1,0,0,0,0,0,0,0,0,0,0,0
內湖區,30.3,382.88,176026,4,2,3,69.3,3800000,2,104,106,5900,0,0,0,1,0,0,0,0,0,0,0,0
信義區,24,69.3,297258,0,0,2,0,0,34,72,106,2060,0,0,1,0,0,0,0,0,0,0,0,0
南港區,35.21,169.67,180350,2,2,2,33.67,0,7,99,106,3060,0,0,0,0,0,1,0,0,0,0,0,0
信義區,38.05,118.94,100891,2,2,1,0,0,36,70,106,1200,0,0,1,0,0,0,0,0,0,0,0,0
信義區,10.55,68.39,144758,2,1,1,0,0,33,73,106,990,0,0,1,0,0,0,0,0,0,0,0,0
內湖區,55.36,342.96,99720,3,2,2,0,0,18,88,106,3420,0,0,0,1,0,0,0,0,0,0,0,0
中山區,3.54,34,188235,1,1,1,0,0,9,97,106,640,1,0,0,0,0,0,0,0,0,0,0,0
內湖區,80.54,127.95,169441,3,2,2,0,0,1,105,106,2168,0,0,0,1,0,0,0,0,0,0,0,0
中正區,52.19,474.13,234113,0,0,0,0,0,35,71,106,11100,0,1,0,0,0,0,0,0,0,0,0,0
大同區,19.78,130.03,175344,3,2,1,0,0,5,101,106,2280,0,0,0,0,0,0,0,1,0,0,0,0
萬華區,1.24,11.33,110327,0,0,0,0,0,35,71,106,125,0,0,0,0,0,0,0,0,0,0,0,1
萬華區,36.67,71.2,182584,0,0,0,0,0,48,58,106,1300,0,0,0,0,0,0,0,0,0,0,0,1
萬華區,31,115.55,47598,5,2,2,0,0,41,65,106,550,0,0,0,0,0,0,0,0,0,0,0,1
萬華區,12.9,127.86,111841,3,2,2,0,0,30,76,106,1430,0,0,0,0,0,0,0,0,0,0,0,1
萬華區,20.34,72.65,123882,3,2,1,0,0,35,71,106,900,0,0,0,0,0,0,0,0,0,0,0,1
萬華區,12.61,124.34,95544,3,2,2,0,0,30,76,106,1188,0,0,0,0,0,0,0,0,0,0,0,1
萬華區,3.44,24.69,149858,0,1,1,0,0,23,83,106,370,0,0,0,0,0,0,0,0,0,0,0,1
萬華區,11.9,31.18,94933,0,0,0,0,0,42,64,106,296,0,0,0,0,0,0,0,0,0,0,0,1
中正區,21.77,144.4,176593,3,2,2,0,0,36,70,106,2550,0,1,0,0,0,0,0,0,0,0,0,0
文山區,16.46,63.65,164965,2,1,1,0,0,1,105,106,1050,0,0,0,0,0,0,0,0,0,1,0,0
文山區,40.38,148.43,94321,3,2,2,0,0,22,84,106,1400,0,0,0,0,0,0,0,0,0,1,0,0
中山區,16.5,87.93,161492,2,2,1,0,0,35,71,106,1420,1,0,0,0,0,0,0,0,0,0,0,0
中山區,2.71,29.63,129936,1,1,1,0,0,35,71,106,385,1,0,0,0,0,0,0,0,0,0,0,0
萬華區,38.16,150.67,141054,3,2,2,31.85,440000,16,90,106,1720,0,0,0,0,0,0,0,0,0,0,0,1
大安區,12.12,143.37,227384,4,2,2,0,0,33,73,106,3260,0,0,0,0,0,0,0,0,1,0,0,0
士林區,26.25,71.16,168634,2,2,1,0,0,44,62,106,1200,0,0,0,0,0,0,1,0,0,0,0,0
士林區,13.66,97.93,209333,4,2,3,0,0,38,68,106,2050,0,0,0,0,0,0,1,0,0,0,0,0
士林區,141,189.96,321120,4,2,2,0,0,45,61,106,6100,0,0,0,0,0,0,1,0,0,0,0,0
南港區,29.6,174.74,130766,4,1,2,0,0,19,87,106,2285,0,0,0,0,0,1,0,0,0,0,0,0
松山區,20.47,189.27,237734,3,2,2,37.84,2500000,2,104,106,3850,0,0,0,0,0,0,0,0,0,0,1,0
信義區,27.25,66.81,211046,3,2,2,0,0,43,63,106,1410,0,0,1,0,0,0,0,0,0,0,0,0
松山區,9.44,56.87,191314,2,1,1,0,0,35,71,106,1088,0,0,0,0,0,0,0,0,0,0,1,0
南港區,28.59,260.18,140216,3,2,2,35.92,0,5,101,106,3648,0,0,0,0,0,1,0,0,0,0,0,0
信義區,26.94,101.61,118099,3,2,2,0,0,26,80,106,1200,0,0,1,0,0,0,0,0,0,0,0,0
信義區,5.39,37.64,310308,2,1,1,0,0,12,94,106,1168,0,0,1,0,0,0,0,0,0,0,0,0
信義區,20.17,46.87,185620,2,2,2,0,0,44,62,106,870,0,0,1,0,0,0,0,0,0,0,0,0
中正區,3.21,42.09,270373,1,1,1,0,0,8,98,106,1138,0,1,0,0,0,0,0,0,0,0,0,0
文山區,25.1,83.08,211001,2,2,1,0,0,6,100,106,1753,0,0,0,0,0,0,0,0,0,1,0,0
中正區,15.05,119.47,226515,3,2,1,17.49,2200000,5,101,106,2530,0,1,0,0,0,0,0,0,0,0,0,0
中山區,14.81,92.92,236763,5,2,2,0,0,29,77,106,2200,1,0,0,0,0,0,0,0,0,0,0,0
內湖區,119.53,255.85,175884,4,3,3,0,0,18,88,106,4500,0,0,0,1,0,0,0,0,0,0,0,0
大安區,12.98,154.99,230983,3,2,2,23.47,0,9,97,106,3580,0,0,0,0,0,0,0,0,1,0,0,0
大安區,12.99,66.59,186514,2,1,1,0,0,36,70,106,1242,0,0,0,0,0,0,0,0,1,0,0,0
內湖區,27.85,159.99,190032,3,2,2,40.01,2500000,23,83,106,2530,0,0,0,1,0,0,0,0,0,0,0,0
中正區,29.38,248.37,199773,4,2,2,35.9,0,5,101,106,4961.7618,0,1,0,0,0,0,0,0,0,0,0,0
中正區,8.33,88.71,163454,2,1,1,0,0,36,70,106,1450,0,1,0,0,0,0,0,0,0,0,0,0
文山區,10.23,129.55,145143,1,2,2,15.18,1600000,7,99,106,1820,0,0,0,0,0,0,0,0,0,1,0,0
文山區,19.17,80.39,144297,2,2,2,0,0,17,89,106,1160,0,0,0,0,0,0,0,0,0,1,0,0
內湖區,39.55,112.25,130780,3,2,2,0,0,33,73,106,1468,0,0,0,1,0,0,0,0,0,0,0,0
南港區,45.18,132.55,157525,3,2,2,0,0,18,88,106,2088,0,0,0,0,0,1,0,0,0,0,0,0
南港區,27.09,196.09,208852,4,2,2,33.87,2500000,6,100,106,3638,0,0,0,0,0,1,0,0,0,0,0,0
士林區,14.38,33.54,104353,3,2,1,0,0,42,64,106,350,0,0,0,0,0,0,1,0,0,0,0,0
大安區,14.78,78.55,315086,1,2,1,0,0,6,100,106,2475,0,0,0,0,0,0,0,0,1,0,0,0
士林區,8.59,28.88,65789,0,0,0,0,0,22,84,106,190,0,0,0,0,0,0,1,0,0,0,0,0
士林區,14.92,69.7,124534,2,2,2,0,0,39,67,106,868,0,0,0,0,0,0,1,0,0,0,0,0
士林區,42.83,165.44,178312,3,2,2,0,0,20,86,106,2950,0,0,0,0,0,0,1,0,0,0,0,0
中正區,6.72,53.49,168256,0,0,0,0,0,35,71,106,900,0,1,0,0,0,0,0,0,0,0,0,0
中山區,14.91,143.61,139266,3,2,2,0,0,21,85,106,2000,1,0,0,0,0,0,0,0,0,0,0,0
內湖區,8.97,72.57,183271,1,1,1,18.72,0,12,94,106,1330,0,0,0,1,0,0,0,0,0,0,0,0
中山區,16.58,89.12,182675,2,2,1,12.86,0,5,101,106,1628,1,0,0,0,0,0,0,0,0,0,0,0
內湖區,20.43,104.45,181905,0,0,0,0,0,23,83,106,1900,0,0,0,1,0,0,0,0,0,0,0,0
中山區,47.09,155.46,160813,3,2,2,0,0,17,89,106,2500,1,0,0,0,0,0,0,0,0,0,0,0
中山區,21.66,260.33,399283,3,2,3,42.74,3000000,1,105,103,8988,1,0,0,0,0,0,0,0,0,0,0,0
文山區,45.5,74.35,143645,3,1,1,0,0,48,58,106,1068,0,0,0,0,0,0,0,0,0,1,0,0
中正區,9.33,117.86,178193,2,2,1,16.26,0,2,104,106,2100,0,1,0,0,0,0,0,0,0,0,0,0
文山區,25.98,86.73,92240,3,2,1,0,0,34,72,106,800,0,0,0,0,0,0,0,0,0,1,0,0
大同區,24.5,79.96,122561,3,2,1,0,0,44,62,106,980,0,0,0,0,0,0,0,1,0,0,0,0
大同區,17.85,112.93,154950,2,1,1,20.26,0,22,84,106,1750,0,0,0,0,0,0,0,1,0,0,0,0
萬華區,2.54,21.58,87118,0,0,0,0,0,43,63,106,188,0,0,0,0,0,0,0,0,0,0,0,1
萬華區,10.1,143.77,159978,3,2,1,16.58,0,2,104,106,2300,0,0,0,0,0,0,0,0,0,0,0,1
中正區,1.52,32.8,196646,1,0,1,0,0,27,79,106,645,0,1,0,0,0,0,0,0,0,0,0,0
萬華區,39.75,93.17,94988,3,2,1,0,0,47,59,106,885,0,0,0,0,0,0,0,0,0,0,0,1
萬華區,6.25,73.33,148643,0,1,1,0,0,10,96,106,1090,0,0,0,0,0,0,0,0,0,0,0,1
大同區,9.16,88.89,141748,3,2,2,0,0,33,73,105,1260,0,0,0,0,0,0,0,1,0,0,0,0
中山區,0,66.74,78064,0,0,1,0,0,1,105,106,521,1,0,0,0,0,0,0,0,0,0,0,0
中山區,0,86.99,76675,0,0,1,0,0,1,105,106,667,1,0,0,0,0,0,0,0,0,0,0,0
中山區,0,66.74,74318,0,0,1,0,0,1,105,106,496,1,0,0,0,0,0,0,0,0,0,0,0
中山區,9.71,161.64,210428,3,1,2,33.33,2000000,1,105,106,2900,1,0,0,0,0,0,0,0,0,0,0,0
中山區,8.22,90.43,149287,3,2,1,0,0,34,72,106,1350,1,0,0,0,0,0,0,0,0,0,0,0
中山區,5.64,61.1,196399,1,1,1,0,0,10,96,106,1200,1,0,0,0,0,0,0,0,0,0,0,0
內湖區,51.96,398.97,161819,3,2,2,66.5,4200000,2,104,106,5800,0,0,0,1,0,0,0,0,0,0,0,0
中山區,15.2,102.15,203622,0,0,1,0,2250000,1,105,103,2080,1,0,0,0,0,0,0,0,0,0,0,0
中山區,14.46,100.26,191502,0,0,1,0,2250000,1,105,106,1920,1,0,0,0,0,0,0,0,0,0,0,0
松山區,36.44,115.61,166076,3,2,2,0,0,31,75,106,1920,0,0,0,0,0,0,0,0,0,0,1,0
南港區,24.25,67.75,136974,3,0,3,0,0,47,59,106,928,0,0,0,0,0,1,0,0,0,0,0,0
信義區,48.03,368.89,298192,3,2,3,44.91,0,4,102,106,11000,0,0,1,0,0,0,0,0,0,0,0,0
松山區,24.53,116.23,189280,2,2,1,0,0,25,81,106,2200,0,0,0,0,0,0,0,0,0,0,1,0
松山區,6.98,43.01,197628,1,1,1,0,0,31,75,106,850,0,0,0,0,0,0,0,0,0,0,1,0
南港區,52.58,262.09,170394,3,2,3,57.27,4600000,3,103,106,3950,0,0,0,0,0,1,0,0,0,0,0,0
松山區,18.04,40.3,91933,1,1,1,0,0,46,60,106,370.4915,0,0,0,0,0,0,0,0,0,0,1,0
松山區,45.87,153.66,273331,3,2,2,0,0,29,77,106,4200,0,0,0,0,0,0,0,0,0,0,1,0
北投區,39,79.05,116382,3,2,1,0,0,49,57,106,920,0,0,0,0,1,0,0,0,0,0,0,0
北投區,7.24,36.36,132013,1,1,1,0,0,21,85,106,480,0,0,0,0,1,0,0,0,0,0,0,0
北投區,38.61,108.37,98736,3,2,2,0,0,42,64,106,1070,0,0,0,0,1,0,0,0,0,0,0,0
北投區,28.15,94.21,102961,3,2,2,0,0,36,70,106,970,0,0,0,0,1,0,0,0,0,0,0,0
北投區,9.22,89.09,127060,0,0,1,36.91,2000000,2,104,106,863,0,0,0,0,1,0,0,0,0,0,0,0
北投區,19.81,68.67,101937,2,1,1,0,0,40,66,106,700,0,0,0,0,1,0,0,0,0,0,0,0
士林區,80.5,189.54,99188,3,2,1,16.92,0,39,67,106,1880,0,0,0,0,0,0,1,0,0,0,0,0
北投區,60.35,411.43,214482,3,2,3,124.32,7300000,1,105,106,6888,0,0,0,0,1,0,0,0,0,0,0,0
北投區,19.41,102.63,170767,1,1,1,33.53,1700000,1,105,106,1350,0,0,0,0,1,0,0,0,0,0,0,0
北投區,25.83,155.74,141261,3,2,2,38.73,0,12,94,106,2200,0,0,0,0,1,0,0,0,0,0,0,0
北投區,7.39,41.63,126832,1,1,1,0,0,35,71,106,528,0,0,0,0,1,0,0,0,0,0,0,0
士林區,38.36,122.56,182115,2,2,2,0,0,29,77,106,2232,0,0,0,0,0,0,1,0,0,0,0,0
松山區,2.17,60.61,137766,2,1,1,0,0,43,63,106,835,0,0,0,0,0,0,0,0,0,0,1,0
南港區,56.51,385.54,251087,0,0,0,58.88,5000000,2,104,106,8702,0,0,0,0,0,1,0,0,0,0,0,0
信義區,121.69,581.33,231372,2,3,3,69.6,4000000,1,105,104,12240,0,0,1,0,0,0,0,0,0,0,0,0
松山區,51.38,103.33,198393,3,2,2,0,0,44,62,106,2050,0,0,0,0,0,0,0,0,0,0,1,0
信義區,34.5,112.41,156125,5,0,5,0,0,48,58,106,1755,0,0,1,0,0,0,0,0,0,0,0,0
信義區,51,143.1,136268,3,2,2,0,0,55,51,105,1950,0,0,1,0,0,0,0,0,0,0,0,0
松山區,27.75,79.83,185394,2,2,1,0,0,46,60,106,1480,0,0,0,0,0,0,0,0,0,0,1,0
信義區,5.63,40.06,303545,1,1,1,0,0,12,94,106,1216,0,0,1,0,0,0,0,0,0,0,0,0
內湖區,17.08,87.15,220785,2,1,1,16.04,1800000,1,105,106,1750,0,0,0,1,0,0,0,0,0,0,0,0
內湖區,46.08,133.95,225433,3,2,2,32.9,2800000,1,105,106,2558,0,0,0,1,0,0,0,0,0,0,0,0
萬華區,2.37,27.79,172724,1,0,1,0,0,21,85,106,480,0,0,0,0,0,0,0,0,0,0,0,1
萬華區,1.77,18.46,118093,1,1,1,0,0,40,66,106,218,0,0,0,0,0,0,0,0,0,0,0,1
萬華區,30.68,145.95,137033,3,2,2,21.12,0,3,103,106,2000,0,0,0,0,0,0,0,0,0,0,0,1
大同區,12.75,130.49,183922,3,2,2,9.57,0,4,102,106,2400,0,0,0,0,0,0,0,1,0,0,0,0
中正區,52.79,214.71,323433,4,2,2,18.75,2500000,16,90,106,6588,0,1,0,0,0,0,0,0,0,0,0,0
文山區,32,75.95,131534,2,2,1,0,0,34,72,106,999,0,0,0,0,0,0,0,0,0,1,0,0
文山區,38,192.24,150229,3,2,2,0,0,7,99,106,2888,0,0,0,0,0,0,0,0,0,1,0,0
文山區,9.37,64.27,175043,5,2,2,0,0,19,87,106,1125,0,0,0,0,0,0,0,0,0,1,0,0
文山區,56.98,195.11,135821,3,2,2,0,0,28,78,106,2650,0,0,0,0,0,0,0,0,0,1,0,0
文山區,27.68,245.95,182163,3,2,2,45.58,2000000,3,103,106,3850,0,0,0,0,0,0,0,0,0,1,0,0
文山區,38.06,138.88,129608,3,2,2,0,0,35,71,106,1800,0,0,0,0,0,0,0,0,0,1,0,0
內湖區,36.09,74.19,202211,2,2,1,0,0,24,82,106,1500,0,0,0,1,0,0,0,0,0,0,0,0
內湖區,19.74,129.47,166718,2,2,2,8.11,0,3,103,106,2158.5,0,0,0,1,0,0,0,0,0,0,0,0
中山區,33.62,82.69,130026,2,1,2,0,0,39,67,106,1075.185,1,0,0,0,0,0,0,0,0,0,0,0
中山區,4.21,25.3,139130,1,1,1,0,0,38,68,106,352,1,0,0,0,0,0,0,0,0,0,0,0
內湖區,17.66,208.33,71521,4,2,2,0,0,3,103,106,1490,0,0,0,1,0,0,0,0,0,0,0,0
中山區,22.05,58.39,162699,3,2,1,0,0,38,68,106,950,1,0,0,0,0,0,0,0,0,0,0,0
內湖區,32.79,185.7,161551,2,1,2,37.34,0,5,101,106,3000,0,0,0,1,0,0,0,0,0,0,0,0
內湖區,35.2,108.52,115186,3,2,2,0,0,32,74,106,1250,0,0,0,1,0,0,0,0,0,0,0,0
大同區,28.86,191.77,194397,3,2,2,38.99,2300000,1,105,106,3200,0,0,0,0,0,0,0,1,0,0,0,0
萬華區,26.41,200.45,202045,3,1,2,26.9,0,1,105,106,4050,0,0,0,0,0,0,0,0,0,0,0,1
北投區,4.2,31.34,108807,1,1,1,0,0,37,69,106,341,0,0,0,0,1,0,0,0,0,0,0,0
松山區,25.1,123.61,214384,3,2,2,0,0,33,73,106,2650,0,0,0,0,0,0,0,0,0,0,1,0
信義區,8.81,62.64,285441,2,2,2,0,0,12,94,106,1788,0,0,1,0,0,0,0,0,0,0,0,0
信義區,30.75,78.44,127486,3,1,1,0,0,44,62,106,1000,0,0,1,0,0,0,0,0,0,0,0,0
信義區,30.75,78.44,127486,3,1,1,0,0,44,62,106,1000,0,0,1,0,0,0,0,0,0,0,0,0
中正區,23.63,64.02,142143,3,2,1,0,0,37,69,106,910,0,1,0,0,0,0,0,0,0,0,0,0
大安區,16.62,87.28,204285,2,2,1,0,0,32,74,106,1783,0,0,0,0,0,0,0,0,1,0,0,0
大安區,23.3,120.64,290119,1,2,1,0,0,5,101,106,3500,0,0,0,0,0,0,0,0,1,0,0,0
中正區,10.66,25.63,138510,2,1,1,0,0,50,56,106,355,0,1,0,0,0,0,0,0,0,0,0,0
文山區,27.46,123.87,150157,3,2,2,46.09,0,18,88,106,1860,0,0,0,0,0,0,0,0,0,1,0,0
大安區,20.73,103.19,106599,3,2,1,0,0,32,74,106,1100,0,0,0,0,0,0,0,0,1,0,0,0
文山區,30.92,72.8,164835,3,2,2,0,0,37,69,106,1200,0,0,0,0,0,0,0,0,0,1,0,0
大安區,22.84,61.72,604342,1,1,1,0,0,46,60,106,3730,0,0,0,0,0,0,0,0,1,0,0,0
北投區,17.89,98.44,140187,2,1,1,0,0,22,84,106,1380,0,0,0,0,1,0,0,0,0,0,0,0
中正區,8.52,32.33,247448,1,1,1,0,0,34,72,106,800,0,1,0,0,0,0,0,0,0,0,0,0
文山區,100.17,194.43,128581,5,2,3,0,0,30,76,106,2500,0,0,0,0,0,0,0,0,0,1,0,0
文山區,35.33,61.59,124391,2,2,1,0,0,22,84,106,766,0,0,0,0,0,0,0,0,0,1,0,0
大同區,4.01,47.47,130609,1,1,1,0,0,21,85,106,620,0,0,0,0,0,0,0,1,0,0,0,0
北投區,31.4,108.32,96935,3,2,2,0,0,37,69,106,1050,0,0,0,0,1,0,0,0,0,0,0,0
士林區,39,82.34,275686,3,2,1,0,0,44,62,106,2270,0,0,0,0,0,0,1,0,0,0,0,0
士林區,78.64,578.75,350089,0,0,0,178.28,12400000,2,104,106,15260,0,0,0,0,0,0,1,0,0,0,0,0
中山區,3.17,34.07,123276,1,1,1,0,0,38,68,106,420,1,0,0,0,0,0,0,0,0,0,0,0
中山區,22.27,254.96,209837,4,2,2,26.65,0,5,101,106,5350,1,0,0,0,0,0,0,0,0,0,0,0
中山區,6.49,37.73,128545,0,0,1,0,0,41,65,106,485,1,0,0,0,0,0,0,0,0,0,0,0
內湖區,9,36.03,219262,1,1,1,0,0,11,95,106,790,0,0,0,1,0,0,0,0,0,0,0,0
內湖區,18.8,79.97,179942,2,2,1,0,0,21,85,106,1439,0,0,0,1,0,0,0,0,0,0,0,0
中山區,2.83,31.01,96743,0,1,1,0,0,33,73,106,300,1,0,0,0,0,0,0,0,0,0,0,0
中山區,20.19,138.59,173028,0,0,0,0,0,40,66,106,2398,1,0,0,0,0,0,0,0,0,0,0,0
中山區,12.22,190.4,236710,3,2,2,33.33,2700000,1,105,106,3988,1,0,0,0,0,0,0,0,0,0,0,0
中山區,12.22,190.4,236710,3,2,2,33.33,2700000,1,105,106,3988,1,0,0,0,0,0,0,0,0,0,0,0
中山區,10.65,170,236336,3,2,2,33.33,2900000,1,105,105,3520,1,0,0,0,0,0,0,0,0,0,0,0
內湖區,23.56,135.91,165183,3,2,2,0,0,33,73,106,2245,0,0,0,1,0,0,0,0,0,0,0,0
內湖區,28.97,107.38,138760,3,2,2,0,0,34,72,106,1490,0,0,0,1,0,0,0,0,0,0,0,0
內湖區,22.02,87.57,104488,4,2,2,14.94,0,18,88,106,915,0,0,0,1,0,0,0,0,0,0,0,0
文山區,27.03,103.83,134836,3,2,2,22.03,0,20,86,106,1400,0,0,0,0,0,0,0,0,0,1,0,0
中正區,9.5,139.82,227435,3,2,2,0,0,9,97,106,3180,0,1,0,0,0,0,0,0,0,0,0,0
文山區,46.83,93.4,147752,3,1,1,0,0,42,64,106,1380,0,0,0,0,0,0,0,0,0,1,0,0
文山區,131.54,173.35,131526,3,2,2,0,0,19,87,106,2280,0,0,0,0,0,0,0,0,0,1,0,0
大同區,4.8,235.23,22106,0,0,0,0,0,22,84,106,520,0,0,0,0,0,0,0,1,0,0,0,0
萬華區,20.12,60.97,131212,3,1,1,0,0,42,64,106,800,0,0,0,0,0,0,0,0,0,0,0,1
中山區,12.85,195.73,53901,3,2,2,33.33,0,1,105,106,1055,1,0,0,0,0,0,0,0,0,0,0,0
中山區,40.52,109.68,259847,3,2,2,0,0,36,70,106,2850,1,0,0,0,0,0,0,0,0,0,0,0
南港區,31.03,258.3,144787,3,2,2,77.82,0,1,105,106,3740,0,0,0,0,0,1,0,0,0,0,0,0
松山區,28,133.52,193978,3,2,1,0,0,15,91,106,2590,0,0,0,0,0,0,0,0,0,0,1,0
南港區,49.22,233.16,179670,3,2,3,28.34,2000000,3,103,106,3880,0,0,0,0,0,1,0,0,0,0,0,0
南港區,29.6,135.73,210180,2,2,1,47.71,2500000,2,104,106,2100,0,0,0,0,0,1,0,0,0,0,0,0
松山區,36.2,124.11,197406,3,2,2,0,0,39,67,106,2450,0,0,0,0,0,0,0,0,0,0,1,0
南港區,48.5,150.3,57884,2,2,2,0,0,43,63,106,870,0,0,0,0,0,1,0,0,0,0,0,0
南港區,49,150.3,58550,3,2,1,0,0,43,63,106,880,0,0,0,0,0,1,0,0,0,0,0,0
南港區,18.08,110.88,159993,3,2,2,0,0,1,105,106,1774,0,0,0,0,0,1,0,0,0,0,0,0
南港區,18.26,122.75,174664,3,2,2,11.31,0,1,105,106,2144,0,0,0,0,0,1,0,0,0,0,0,0
松山區,40,97.5,169231,3,2,2,0,0,34,72,106,1650,0,0,0,0,0,0,0,0,0,0,1,0
南港區,27.43,165.2,211864,3,2,2,15,0,11,95,105,3500,0,0,0,0,0,1,0,0,0,0,0,0
士林區,20.5,73.93,113621,1,2,2,0,0,44,62,106,840,0,0,0,0,0,0,1,0,0,0,0,0
北投區,30.31,106.93,123165,3,2,2,0,0,37,69,106,1317,0,0,0,0,1,0,0,0,0,0,0,0
士林區,33.65,124.9,149560,3,2,2,0,0,33,73,106,1868,0,0,0,0,0,0,1,0,0,0,0,0
北投區,31.25,214.19,207769,3,2,2,39,0,7,99,106,4450,0,0,0,0,1,0,0,0,0,0,0,0
北投區,16.48,90.38,139198,0,0,0,27.52,1850000,4,102,106,1060,0,0,0,0,1,0,0,0,0,0,0,0
北投區,29.32,104.95,100048,3,2,2,0,0,34,72,106,1050,0,0,0,0,1,0,0,0,0,0,0,0
北投區,14.07,86.21,164676,2,1,2,6.66,1800000,12,94,106,1490,0,0,0,0,1,0,0,0,0,0,0,0
北投區,3.94,46.56,96629,1,1,1,40.07,0,8,98,106,450,0,0,0,0,1,0,0,0,0,0,0,0
北投區,7.73,48.48,146452,0,1,1,0,0,2,104,106,710,0,0,0,0,1,0,0,0,0,0,0,0
北投區,23.18,79.92,223724,2,2,1,0,0,12,94,106,1788,0,0,0,0,1,0,0,0,0,0,0,0
北投區,48.31,194.63,161846,3,2,2,14.47,0,2,104,106,3150,0,0,0,0,1,0,0,0,0,0,0,0
北投區,16.52,107.45,130014,0,0,0,0,0,2,104,106,1397,0,0,0,0,1,0,0,0,0,0,0,0
北投區,25.9,227.93,71297,0,0,0,53.01,0,25,81,106,1625,0,0,0,0,1,0,0,0,0,0,0,0
北投區,31.13,111.9,71492,3,2,2,0,0,31,75,106,800,0,0,0,0,1,0,0,0,0,0,0,0
士林區,32,70.41,38347,3,1,2,0,0,46,60,106,270,0,0,0,0,0,0,1,0,0,0,0,0
北投區,38.19,177.08,175052,4,2,2,0,0,15,91,106,3100,0,0,0,0,1,0,0,0,0,0,0,0
北投區,42.16,281.81,110713,4,2,3,0,0,18,88,106,3120,0,0,0,0,1,0,0,0,0,0,0,0
北投區,34.79,160.25,153697,3,2,2,14.47,0,2,104,106,2463,0,0,0,0,1,0,0,0,0,0,0,0
北投區,9.45,51.85,173578,0,0,0,0,0,22,84,106,900,0,0,0,0,1,0,0,0,0,0,0,0
士林區,13.8,64.62,68555,3,2,2,0,0,38,68,106,443,0,0,0,0,0,0,1,0,0,0,0,0
南港區,5.9,47.37,274377,1,1,1,2.07,0,6,100,106,1300,0,0,0,0,0,1,0,0,0,0,0,0
松山區,21.84,93.03,204235,2,2,1,0,0,25,81,106,1900,0,0,0,0,0,0,0,0,0,0,1,0
信義區,55.56,385.01,277051,0,0,0,132.71,5100000,4,102,106,7500,0,0,1,0,0,0,0,0,0,0,0,0
信義區,55.66,387.28,277040,0,0,0,134.97,5100000,4,102,106,7500,0,0,1,0,0,0,0,0,0,0,0,0
信義區,8.48,111.98,220575,3,2,2,0,0,31,75,106,2470,0,0,1,0,0,0,0,0,0,0,0,0
南港區,12.7,126.09,185438,3,2,2,0,0,22,84,106,2338,0,0,0,0,0,1,0,0,0,0,0,0
信義區,8.53,51.32,263055,1,1,1,0,0,11,95,106,1350,0,0,1,0,0,0,0,0,0,0,0,0
信義區,6.81,32.91,230933,1,1,1,0,0,41,65,106,760,0,0,1,0,0,0,0,0,0,0,0,0
信義區,14.83,56.74,81953,2,1,1,0,0,22,84,106,465,0,0,1,0,0,0,0,0,0,0,0,0
信義區,11.58,180.41,195665,3,2,2,0,0,24,82,106,3530,0,0,1,0,0,0,0,0,0,0,0,0
松山區,2.17,22.14,246161,1,0,1,0,0,32,74,106,545,0,0,0,0,0,0,0,0,0,0,1,0
中山區,8.24,118.64,186879,2,2,2,36.65,2300000,1,105,106,1762.2212,1,0,0,0,0,0,0,0,0,0,0,0
內湖區,28.85,105.45,122143,3,2,2,0,0,38,68,106,1288,0,0,0,1,0,0,0,0,0,0,0,0
中山區,13.35,135.48,261720,3,2,2,0,0,1,105,106,3545.7769,1,0,0,0,0,0,0,0,0,0,0,0
中山區,28.88,337.91,275892,4,2,3,59.54,5200000,2,104,106,8200,1,0,0,0,0,0,0,0,0,0,0,0
中山區,28.88,337.91,279125,4,2,3,59.54,5200000,2,104,106,8290,1,0,0,0,0,0,0,0,0,0,0,0
內湖區,112.8,484.33,223706,0,0,0,35.08,6000000,2,104,106,10650,0,0,0,1,0,0,0,0,0,0,0,0
內湖區,45.4,139.69,95211,3,2,2,0,0,29,77,106,1330,0,0,0,1,0,0,0,0,0,0,0,0
中山區,3.1,38.09,93768,1,1,1,0,0,30,76,106,357.1608,1,0,0,0,0,0,0,0,0,0,0,0
中山區,1.88,23.06,93775,1,1,1,0,0,30,76,106,216.2452,1,0,0,0,0,0,0,0,0,0,0,0
中山區,2.54,35.98,93775,1,1,1,0,0,38,68,106,337.4025,1,0,0,0,0,0,0,0,0,0,0,0
中山區,2.82,34.8,93762,1,1,1,0,0,30,76,106,326.2901,1,0,0,0,0,0,0,0,0,0,0,0
中山區,2.82,34.8,93762,1,1,1,0,0,30,76,106,326.2901,1,0,0,0,0,0,0,0,0,0,0,0
中山區,2.35,28.72,93778,1,1,1,0,0,38,68,106,269.3312,1,0,0,0,0,0,0,0,0,0,0,0
中山區,2.91,35.98,93783,1,1,1,0,0,38,68,106,337.4306,1,0,0,0,0,0,0,0,0,0,0,0
中山區,2.82,34.8,93762,1,1,1,0,0,30,76,106,326.2901,1,0,0,0,0,0,0,0,0,0,0,0
中山區,2.16,25.75,93768,1,1,1,0,0,38,68,106,241.4519,1,0,0,0,0,0,0,0,0,0,0,0
中山區,2.16,26.58,93782,1,1,1,0,0,38,68,106,249.2727,1,0,0,0,0,0,0,0,0,0,0,0
萬華區,26.2,150.98,116572,3,2,2,0,0,20,86,106,1760,0,0,0,0,0,0,0,0,0,0,0,1
萬華區,11.36,38.65,98318,1,1,1,0,0,42,64,106,380,0,0,0,0,0,0,0,0,0,0,0,1
中正區,3.31,15.27,130890,0,0,0,0,0,36,70,106,200,0,1,0,0,0,0,0,0,0,0,0,0
文山區,17.44,77.92,47100,3,1,1,0,0,21,85,106,367,0,0,0,0,0,0,0,0,0,1,0,0
文山區,12.99,131.1,226635,2,1,1,41.97,1800000,1,105,106,2200,0,0,0,0,0,0,0,0,0,1,0,0
文山區,11.21,118.4,231584,2,1,1,41.97,1800000,1,105,106,1950,0,0,0,0,0,0,0,0,0,1,0,0
文山區,38,192.24,139409,3,2,1,0,0,7,99,106,2680,0,0,0,0,0,0,0,0,0,1,0,0
文山區,15.62,72.29,139715,2,2,2,0,0,5,101,106,1010,0,0,0,0,0,0,0,0,0,1,0,0
中山區,20.94,211.86,196734,4,2,2,0,0,31,75,106,4168,1,0,0,0,0,0,0,0,0,0,0,0
內湖區,4.86,40.85,188494,1,1,1,0,0,22,84,106,770,0,0,0,1,0,0,0,0,0,0,0,0
中山區,14,57.28,168994,3,2,1,0,0,40,66,106,968,1,0,0,0,0,0,0,0,0,0,0,0
萬華區,15.97,60.36,106030,2,1,1,0,0,35,71,106,640,0,0,0,0,0,0,0,0,0,0,0,1
中正區,51,153.42,187720,4,2,2,0,0,50,56,106,2880,0,1,0,0,0,0,0,0,0,0,0,0
北投區,8.55,85.55,145559,0,1,1,36.91,1800000,2,104,106,888,0,0,0,0,1,0,0,0,0,0,0,0
北投區,77.56,167.29,132610,3,2,2,30.94,1800000,22,84,106,1988,0,0,0,0,1,0,0,0,0,0,0,0
松山區,2.12,25.1,199203,1,1,1,0,0,34,72,106,500,0,0,0,0,0,0,0,0,0,0,1,0
北投區,23.77,198.18,209012,5,2,2,29.3,2500000,8,98,106,3780,0,0,0,0,1,0,0,0,0,0,0,0
大安區,22.85,117.67,205660,3,2,2,0,0,31,75,106,2420,0,0,0,0,0,0,0,0,1,0,0,0
信義區,34.5,91.24,164402,3,1,1,0,0,40,66,106,1500,0,0,1,0,0,0,0,0,0,0,0,0
信義區,12.63,73.87,365236,2,1,2,0,0,12,94,106,2698,0,0,1,0,0,0,0,0,0,0,0,0
內湖區,12.32,48.43,196159,1,2,1,0,0,18,88,106,950,0,0,0,1,0,0,0,0,0,0,0,0
中山區,18.9,124.33,211770,2,2,2,18.98,1800000,9,97,106,2411,1,0,0,0,0,0,0,0,0,0,0,0
中山區,27.05,265.78,260366,4,2,3,0,0,7,99,106,6920,1,0,0,0,0,0,0,0,0,0,0,0
大安區,40,118.97,226948,6,2,4,0,0,20,86,106,2700,0,0,0,0,0,0,0,0,1,0,0,0
中正區,2.74,43.49,190848,1,1,1,0,0,23,83,106,830,0,1,0,0,0,0,0,0,0,0,0,0
大同區,21,75.18,43845,3,1,1,0,0,38,68,106,329.63,0,0,0,0,0,0,0,1,0,0,0,0
中正區,11.87,40.13,214304,1,1,1,0,0,20,86,106,860,0,1,0,0,0,0,0,0,0,0,0,0
文山區,10.7,43.44,153315,1,1,1,0,0,23,83,106,666,0,0,0,0,0,0,0,0,0,1,0,0
文山區,17.17,53.7,141527,1,1,1,0,0,13,93,106,760,0,0,0,0,0,0,0,0,0,1,0,0
中山區,21.04,78.91,164745,3,2,2,0,0,35,71,106,1300,1,0,0,0,0,0,0,0,0,0,0,0
內湖區,14.33,73.69,173701,3,2,2,0,0,12,94,106,1280,0,0,0,1,0,0,0,0,0,0,0,0
大安區,9.37,119.18,212116,3,2,2,0,0,35,71,106,2528,0,0,0,0,0,0,0,0,1,0,0,0
大安區,13.61,96.77,261265,4,0,4,0,0,31,75,106,2528,0,0,0,0,0,0,0,0,1,0,0,0
大安區,8.15,84.35,262004,2,2,1,0,0,34,72,106,2210,0,0,0,0,0,0,0,0,1,0,0,0
大安區,19.39,101.04,191805,3,2,1,0,0,32,74,106,1938,0,0,0,0,0,0,0,0,1,0,0,0
大安區,16.29,64.14,318054,1,1,1,0,0,16,90,106,2040,0,0,0,0,0,0,0,0,1,0,0,0
大安區,55.9,250.85,351406,3,2,2,41.69,4000000,5,101,106,7750,0,0,0,0,0,0,0,0,1,0,0,0
大安區,1.8,13.85,52635,0,0,0,0,0,36,70,106,72.9,0,0,0,0,0,0,0,0,1,0,0,0
士林區,18.5,136.77,127952,2,2,1,31.95,0,10,96,106,1750,0,0,0,0,0,0,1,0,0,0,0,0
北投區,13.42,191.3,253878,3,2,2,26.26,3100000,0,106,102,4500,0,0,0,0,1,0,0,0,0,0,0,0
北投區,13.29,198.69,254165,3,2,2,28.37,0,0,106,102,5050,0,0,0,0,1,0,0,0,0,0,0,0
內湖區,7.54,55.04,272166,1,1,1,0,0,7,99,106,1498,0,0,0,1,0,0,0,0,0,0,0,0
內湖區,30.8,195.76,185474,3,2,2,42.1,2500000,4,102,106,3100,0,0,0,1,0,0,0,0,0,0,0,0
內湖區,27.94,106.15,114932,4,2,2,0,0,31,75,106,1220,0,0,0,1,0,0,0,0,0,0,0,0
內湖區,26.47,100.05,113943,3,2,2,0,0,32,74,106,1140,0,0,0,1,0,0,0,0,0,0,0,0
內湖區,0,102.92,40808,4,2,3,0,0,34,72,106,420,0,0,0,1,0,0,0,0,0,0,0,0
中山區,33.5,96.46,124404,3,2,2,0,0,41,65,106,1200,1,0,0,0,0,0,0,0,0,0,0,0
萬華區,14,72.76,75591,4,3,3,0,0,40,66,106,550,0,0,0,0,0,0,0,0,0,0,0,1
萬華區,19.12,153.47,104255,3,2,1,0,0,23,83,106,1600,0,0,0,0,0,0,0,0,0,0,0,1
文山區,53.61,378.54,193122,3,2,2,121.2,7800000,2,104,106,5750,0,0,0,0,0,0,0,0,0,1,0,0
文山區,9.84,140.09,79567,2,2,2,0,0,2,104,106,1114.6529,0,0,0,0,0,0,0,0,0,1,0,0
文山區,12.48,65.2,125767,1,1,1,0,0,20,86,106,820,0,0,0,0,0,0,0,0,0,1,0,0
大同區,8.4,36.36,143014,1,1,1,0,0,22,84,106,520,0,0,0,0,0,0,0,1,0,0,0,0
大安區,22,91.72,196249,3,2,2,0,0,32,74,106,1800,0,0,0,0,0,0,0,0,1,0,0,0
內湖區,19,57.98,86237,2,1,1,0,0,38,68,106,500,0,0,0,1,0,0,0,0,0,0,0,0
大安區,16.31,168.83,278150,0,2,1,0,0,35,71,106,4696,0,0,0,0,0,0,0,0,1,0,0,0
大安區,8.77,36.12,359911,1,1,1,0,0,10,96,106,1300,0,0,0,0,0,0,0,0,1,0,0,0
士林區,63.12,324.23,238259,4,2,3,76.6,6000000,14,92,106,6500,0,0,0,0,0,0,1,0,0,0,0,0
士林區,13.31,120.1,191507,3,2,2,0,0,33,73,106,2300,0,0,0,0,0,0,1,0,0,0,0,0
北投區,34,66.08,75666,2,1,1,0,0,50,56,106,500,0,0,0,0,1,0,0,0,0,0,0,0
松山區,3.8,49.17,341672,2,2,1,0,0,11,95,106,1680,0,0,0,0,0,0,0,0,0,0,1,0
萬華區,32.54,178.26,140252,3,1,2,0,0,13,93,106,2500,0,0,0,0,0,0,0,0,0,0,0,1
萬華區,22.09,102.98,145659,1,1,1,0,0,46,60,106,1500,0,0,0,0,0,0,0,0,0,0,0,1
中山區,4.69,50.43,178465,2,1,1,0,0,35,71,106,900,1,0,0,0,0,0,0,0,0,0,0,0
內湖區,41.16,219.46,184622,3,2,2,48.57,1650000,1,105,106,3320,0,0,0,1,0,0,0,0,0,0,0,0
內湖區,4.43,44.7,183445,1,1,1,0,0,10,96,106,820,0,0,0,1,0,0,0,0,0,0,0,0
內湖區,22.52,83.04,198699,0,0,0,0,0,25,81,106,1650,0,0,0,1,0,0,0,0,0,0,0,0
文山區,13.37,29.15,118353,1,1,1,0,0,21,85,106,345,0,0,0,0,0,0,0,0,0,1,0,0
中正區,4.84,40.62,148941,0,0,0,0,0,36,70,106,605,0,1,0,0,0,0,0,0,0,0,0,0
中正區,7.08,146.59,211815,0,1,1,0,0,27,79,106,3105,0,1,0,0,0,0,0,0,0,0,0,0
萬華區,23.6,98.73,136737,3,1,1,0,0,35,71,106,1350,0,0,0,0,0,0,0,0,0,0,0,1
萬華區,1.88,19.06,102833,1,0,1,0,0,37,69,106,196,0,0,0,0,0,0,0,0,0,0,0,1
大同區,15.25,159.67,197622,3,2,2,16.72,1550000,1,105,106,2980,0,0,0,0,0,0,0,1,0,0,0,0
大同區,18.37,178.95,170718,2,2,2,13.35,0,6,100,106,3055,0,0,0,0,0,0,0,1,0,0,0,0
中正區,12.45,80.28,271550,0,0,0,17.43,0,2,104,106,2180,0,1,0,0,0,0,0,0,0,0,0,0
中山區,8.66,87.9,255404,2,1,1,0,0,1,105,106,2245,1,0,0,0,0,0,0,0,0,0,0,0
中山區,19.04,135.79,162015,3,2,2,0,0,29,77,106,2200,1,0,0,0,0,0,0,0,0,0,0,0
內湖區,7.9,99.93,30018,1,0,1,41.43,0,7,99,106,300,0,0,0,1,0,0,0,0,0,0,0,0
中山區,0,43.16,122799,1,1,1,0,0,18,88,106,530,1,0,0,0,0,0,0,0,0,0,0,0
信義區,4.5,56.25,46222,0,0,0,0,0,37,69,106,260,0,0,1,0,0,0,0,0,0,0,0,0
信義區,25.99,97.52,172272,1,1,1,0,0,30,76,106,1680,0,0,1,0,0,0,0,0,0,0,0,0
信義區,27.9,121.62,134024,3,2,2,0,0,35,71,106,1630,0,0,1,0,0,0,0,0,0,0,0,0
士林區,33.73,118.16,120007,3,2,2,0,0,32,74,106,1418,0,0,0,0,0,0,1,0,0,0,0,0
士林區,26.75,79.8,48872,3,0,2,0,0,42,64,106,390,0,0,0,0,0,0,1,0,0,0,0,0
士林區,43,68.86,95992,3,1,1,0,0,45,61,106,661,0,0,0,0,0,0,1,0,0,0,0,0
北投區,25.09,90.31,92570,3,2,1,0,0,35,71,106,836,0,0,0,0,1,0,0,0,0,0,0,0
士林區,11.71,29.48,122117,1,1,1,0,0,47,59,106,360,0,0,0,0,0,0,1,0,0,0,0,0
士林區,30.56,113.94,298227,0,3,2,0,0,33,73,106,3398,0,0,0,0,0,0,1,0,0,0,0,0
士林區,78.56,701.68,484018,0,0,0,109.76,14400000,1,105,106,30090,0,0,0,0,0,0,1,0,0,0,0,0
士林區,78.33,700.07,484000,0,0,0,109.76,14700000,1,105,106,30041,0,0,0,0,0,0,1,0,0,0,0,0
士林區,36.15,128.42,136272,4,2,2,0,0,38,68,106,1750,0,0,0,0,0,0,1,0,0,0,0,0
士林區,18.14,161.71,115021,3,2,2,32.12,0,1,105,106,1860,0,0,0,0,0,0,1,0,0,0,0,0
北投區,53.98,202.35,143711,3,2,2,0,0,23,83,106,2908,0,0,0,0,1,0,0,0,0,0,0,0
北投區,50.6,331.99,214082,4,2,2,83.02,5100000,1,105,106,5840,0,0,0,0,1,0,0,0,0,0,0,0
北投區,22.3,63.72,86315,0,0,0,0,0,41,65,106,550,0,0,0,0,1,0,0,0,0,0,0,0
信義區,26.67,110.05,216265,3,2,2,0,0,30,76,106,2380,0,0,1,0,0,0,0,0,0,0,0,0
信義區,23.69,119.87,172687,3,2,2,0,0,28,78,106,2070,0,0,1,0,0,0,0,0,0,0,0,0
松山區,26.04,157.28,170397,4,2,2,0,0,36,70,106,2680,0,0,0,0,0,0,0,0,0,0,1,0
松山區,44.34,385.46,213070,4,1,1,0,2500000,39,67,106,8213,0,0,0,0,0,0,0,0,0,0,1,0
內湖區,10.2,66.51,221019,1,1,1,0,0,2,104,106,1470,0,0,0,1,0,0,0,0,0,0,0,0
中山區,13.57,172.73,252572,3,2,2,36.65,2900000,1,105,106,3727,1,0,0,0,0,0,0,0,0,0,0,0
中山區,13.07,183.25,258749,3,2,2,52.45,2500000,1,105,106,3634.4305,1,0,0,0,0,0,0,0,0,0,0,0
內湖區,24.07,175.3,158015,3,2,2,37.25,0,1,105,106,2770,0,0,0,1,0,0,0,0,0,0,0,0
內湖區,15.98,124.02,128044,3,2,2,0,0,34,72,106,1588,0,0,0,1,0,0,0,0,0,0,0,0
內湖區,39.54,221.09,309829,0,0,0,0,0,9,97,106,6850,0,0,0,1,0,0,0,0,0,0,0,0
大同區,23.94,127.27,171682,4,2,2,0,0,31,75,106,2185,0,0,0,0,0,0,0,1,0,0,0,0
中正區,29,108.2,166359,0,1,1,0,0,28,78,106,1800,0,1,0,0,0,0,0,0,0,0,0,0
文山區,47.03,314.41,153823,3,1,3,79.4,3800000,3,103,106,3995,0,0,0,0,0,0,0,0,0,1,0,0
文山區,71.42,131.84,113774,3,2,2,0,0,14,92,106,1500,0,0,0,0,0,0,0,0,0,1,0,0
文山區,33.02,138.56,72171,3,1,1,0,0,33,73,106,1000,0,0,0,0,0,0,0,0,0,1,0,0
文山區,25.29,140.11,57098,1,1,1,33.56,0,23,83,106,800,0,0,0,0,0,0,0,0,0,1,0,0
文山區,21.79,199.01,150746,3,2,2,38.62,0,3,103,106,3000,0,0,0,0,0,0,0,0,0,1,0,0
中正區,34.67,143.3,15352,4,2,2,0,0,37,69,106,220,0,1,0,0,0,0,0,0,0,0,0,0
文山區,9.24,37.75,198675,1,0,1,0,0,8,98,106,750,0,0,0,0,0,0,0,0,0,1,0,0
文山區,59,100.38,157402,2,2,1,0,0,34,72,106,1580,0,0,0,0,0,0,0,0,0,1,0,0
內湖區,40.6,125.97,162737,3,3,2,0,0,29,77,106,2050,0,0,0,1,0,0,0,0,0,0,0,0
內湖區,22.6,75.09,167133,3,2,2,0,0,38,68,106,1255,0,0,0,1,0,0,0,0,0,0,0,0
中山區,47.09,155.72,175315,3,2,2,0,0,17,89,106,2730,1,0,0,0,0,0,0,0,0,0,0,0
內湖區,26.66,95.18,120824,3,2,1,0,0,38,68,106,1150,0,0,0,1,0,0,0,0,0,0,0,0
中山區,29.2,100.77,193510,3,2,1,0,0,40,66,106,1950,1,0,0,0,0,0,0,0,0,0,0,0
萬華區,12.1,70.01,101843,2,2,1,0,0,38,68,106,713,0,0,0,0,0,0,0,0,0,0,0,1
松山區,6.69,66.56,82645,0,0,0,0,0,36,70,106,550,0,0,0,0,0,0,0,0,0,0,1,0
松山區,4.4,55.77,227004,2,1,1,0,0,28,78,106,1266,0,0,0,0,0,0,0,0,0,0,1,0
松山區,29.77,138.36,189361,3,2,1,0,0,15,91,106,2620,0,0,0,0,0,0,0,0,0,0,1,0
士林區,28.3,131.78,135832,3,2,2,0,0,40,66,106,1790,0,0,0,0,0,0,1,0,0,0,0,0
松山區,4.96,53.56,74683,0,0,0,0,0,36,70,106,400,0,0,0,0,0,0,0,0,0,0,1,0
大安區,26.04,182.71,286377,3,2,2,44.78,3500000,27,79,106,4300,0,0,0,0,0,0,0,0,1,0,0,0
萬華區,19.99,115.18,89425,3,2,2,0,0,38,68,106,1030,0,0,0,0,0,0,0,0,0,0,0,1
大安區,8.7,89.74,280811,1,1,1,0,0,9,97,106,2520,0,0,0,0,0,0,0,0,1,0,0,0
大安區,24.7,167.3,254617,4,1,2,2.71,0,31,75,106,4260,0,0,0,0,0,0,0,0,1,0,0,0
大安區,7.6,95.89,269893,1,2,2,0,0,35,71,106,2588,0,0,0,0,0,0,0,0,1,0,0,0
大安區,25.57,124.05,201370,3,2,2,0,0,35,71,106,2498,0,0,0,0,0,0,0,0,1,0,0,0
大安區,10.68,68.12,177628,2,1,1,0,0,33,73,106,1210,0,0,0,0,0,0,0,0,1,0,0,0
大安區,31.89,167.33,398802,2,2,2,7.1,4600000,1,105,106,6850,0,0,0,0,0,0,0,0,1,0,0,0
士林區,34.81,129.52,131254,3,2,2,0,0,31,75,106,1700,0,0,0,0,0,0,1,0,0,0,0,0
北投區,55.64,187.44,186193,4,2,2,0,0,14,92,106,3490,0,0,0,0,1,0,0,0,0,0,0,0
中正區,36.8,168.96,95765,3,2,1,0,0,34,72,106,1618.04,0,1,0,0,0,0,0,0,0,0,0,0
文山區,20.31,83.62,155465,4,2,2,0,0,33,73,106,1300,0,0,0,0,0,0,0,0,0,1,0,0
內湖區,25.61,75.35,119443,2,2,1,0,0,32,74,106,900,0,0,0,1,0,0,0,0,0,0,0,0
內湖區,42.29,98.8,126518,3,2,2,0,0,23,83,106,1250,0,0,0,1,0,0,0,0,0,0,0,0
中山區,17.31,99.94,294272,1,1,1,42.85,2500000,9,97,106,1930,1,0,0,0,0,0,0,0,0,0,0,0
北投區,9.29,140.75,247973,2,2,1,39.61,2800000,4,102,106,2788,0,0,0,0,1,0,0,0,0,0,0,0
北投區,35.17,127.74,105683,3,2,2,0,0,33,73,106,1350,0,0,0,0,1,0,0,0,0,0,0,0
信義區,44.54,224.7,266133,3,2,2,37.54,0,26,80,106,5980,0,0,1,0,0,0,0,0,0,0,0,0
松山區,21.02,209.38,168115,5,2,3,0,0,34,72,106,3520,0,0,0,0,0,0,0,0,0,0,1,0
大同區,13,115.24,53801,1,1,1,0,0,30,76,106,620,0,0,0,0,0,0,0,1,0,0,0,0
大同區,4.78,28.86,173250,1,1,1,0,0,10,96,106,500,0,0,0,0,0,0,0,1,0,0,0,0
萬華區,11.86,31.18,134702,1,1,1,0,0,42,64,106,420,0,0,0,0,0,0,0,0,0,0,0,1
大同區,24.38,320.14,273291,0,0,0,32.9,2500000,5,101,106,8100,0,0,0,0,0,0,0,1,0,0,0,0
萬華區,25.75,63.04,107868,2,2,1,0,0,37,69,106,680,0,0,0,0,0,0,0,0,0,0,0,1
萬華區,3.46,51.23,191294,1,1,1,0,0,1,105,106,980,0,0,0,0,0,0,0,0,0,0,0,1
中山區,4.25,45.18,235724,1,1,1,0,0,13,93,106,1065,1,0,0,0,0,0,0,0,0,0,0,0
內湖區,24.81,99.2,142137,3,2,1,0,0,33,73,106,1410,0,0,0,1,0,0,0,0,0,0,0,0
中山區,47.09,155.66,157394,3,2,2,0,0,17,89,106,2450,1,0,0,0,0,0,0,0,0,0,0,0
中山區,4.46,40.07,139755,1,1,1,0,0,35,71,106,560,1,0,0,0,0,0,0,0,0,0,0,0
中山區,7.47,36.77,190373,1,1,1,0,0,17,89,106,700,1,0,0,0,0,0,0,0,0,0,0,0
文山區,35.6,189.73,191016,3,2,2,33.46,2150000,3,103,106,3200,0,0,0,0,0,0,0,0,0,1,0,0
文山區,39.82,133.94,150814,3,2,2,0,0,24,82,106,2020,0,0,0,0,0,0,0,0,0,1,0,0
文山區,43.88,158.43,128132,3,2,2,0,0,24,82,106,2030,0,0,0,0,0,0,0,0,0,1,0,0
萬華區,3.2,32,224375,0,1,1,0,0,11,95,106,718,0,0,0,0,0,0,0,0,0,0,0,1
萬華區,1.88,19.1,112565,1,1,1,0,0,40,66,106,215,0,0,0,0,0,0,0,0,0,0,0,1
萬華區,32.08,126.85,92235,3,2,2,0,0,31,75,106,1170,0,0,0,0,0,0,0,0,0,0,0,1
萬華區,29.15,151.71,146332,3,2,2,0,0,26,80,106,2220,0,0,0,0,0,0,0,0,0,0,0,1
萬華區,19.79,62.65,127694,4,0,4,0,0,33,73,106,800,0,0,0,0,0,0,0,0,0,0,0,1
中山區,17.69,230.14,258840,4,2,2,52.45,3000000,1,105,106,4899.3241,1,0,0,0,0,0,0,0,0,0,0,0
中山區,8.87,140.73,259570,2,1,1,52.45,2370000,1,105,106,2528.4805,1,0,0,0,0,0,0,0,0,0,0,0
中山區,4.08,34.7,67723,0,0,0,0,0,38,68,106,235,1,0,0,0,0,0,0,0,0,0,0,0
中山區,10.38,56.77,211379,2,1,1,0,0,21,85,106,1200,1,0,0,0,0,0,0,0,0,0,0,0
中山區,51.51,225.1,235451,4,2,2,39.12,0,11,95,106,5300,1,0,0,0,0,0,0,0,0,0,0,0
內湖區,44.63,119.76,141116,3,2,1,0,0,20,86,106,1690,0,0,0,1,0,0,0,0,0,0,0,0
內湖區,9.76,74.37,154632,1,2,1,0,0,34,72,106,1150,0,0,0,1,0,0,0,0,0,0,0,0
內湖區,78.02,731.4,172218,0,0,0,163.4,0,1,105,106,12596,0,0,0,1,0,0,0,0,0,0,0,0
內湖區,53.94,192.99,165812,3,2,2,0,0,11,95,106,3200,0,0,0,1,0,0,0,0,0,0,0,0
內湖區,48.42,287.77,333600,0,0,0,0,0,1,105,106,9600,0,0,0,1,0,0,0,0,0,0,0,0
南港區,17.11,62.94,95329,1,1,1,0,0,24,82,106,600,0,0,0,0,0,1,0,0,0,0,0,0
信義區,23.9,90.61,65140,3,2,1,0,0,40,66,106,590.23,0,0,1,0,0,0,0,0,0,0,0,0
南港區,47.87,293.2,267394,0,0,0,0,0,1,105,106,7840,0,0,0,0,0,1,0,0,0,0,0,0
南港區,20.43,91.51,201071,3,2,2,0,0,30,76,106,1840,0,0,0,0,0,1,0,0,0,0,0,0
松山區,17.76,106.98,172930,3,2,1,0,0,36,70,106,1850,0,0,0,0,0,0,0,0,0,0,1,0
信義區,10.91,72.04,105497,1,1,1,0,0,21,85,106,760,0,0,1,0,0,0,0,0,0,0,0,0
松山區,41.75,109.27,256246,4,2,3,0,0,45,61,106,2800,0,0,0,0,0,0,0,0,0,0,1,0
南港區,53.42,340.3,206524,0,0,0,29.44,2300000,2,104,106,6650,0,0,0,0,0,1,0,0,0,0,0,0
士林區,22.23,80.77,167141,2,2,1,0,0,29,77,106,1350,0,0,0,0,0,0,1,0,0,0,0,0
士林區,1.16,3.86,184220,0,0,0,0,0,44,62,106,71.1091,0,0,0,0,0,0,1,0,0,0,0,0
士林區,17.11,130.76,192719,2,2,1,0,0,9,97,106,2520,0,0,0,0,0,0,1,0,0,0,0,0
士林區,33.6,110.47,162940,3,2,1,0,0,38,68,106,1800,0,0,0,0,0,0,1,0,0,0,0,0
北投區,7.73,53.06,146061,0,0,0,0,0,8,98,106,775,0,0,0,0,1,0,0,0,0,0,0,0
士林區,47.45,415.89,197889,3,2,2,134.88,0,3,103,106,8230,0,0,0,0,0,0,1,0,0,0,0,0
